X,Date,Temp,Lux
1,8/15/2022 13:00,25.805,53.8
2,8/15/2022 13:15,30.963,3961.1
3,8/15/2022 13:30,30.963,4305.6
4,8/15/2022 13:45,31.064,4133.4
5,8/15/2022 14:00,31.064,3616.7
6,8/15/2022 14:15,31.166,3272.2
7,8/15/2022 14:30,31.268,3444.5
8,8/15/2022 14:45,31.37,3100
9,8/15/2022 15:00,31.472,3788.9
10,8/15/2022 15:15,31.574,3616.7
11,8/15/2022 15:30,31.472,1722.2
12,8/15/2022 15:45,31.472,1463.9
13,8/15/2022 16:00,31.37,1065.6
14,8/15/2022 16:15,31.268,1033.3
15,8/15/2022 16:30,31.166,1463.9
16,8/15/2022 16:45,31.166,1894.5
17,8/15/2022 17:00,31.064,1377.8
18,8/15/2022 17:15,30.963,1550
19,8/15/2022 17:30,30.963,312.2
20,8/15/2022 17:45,30.862,269.1
21,8/15/2022 18:00,30.862,150.7
22,8/15/2022 18:15,30.76,75.3
23,8/15/2022 18:30,30.659,10.8
24,8/15/2022 18:45,30.659,0
25,8/15/2022 19:00,30.558,0
26,8/15/2022 19:15,30.558,0
27,8/15/2022 19:30,30.457,0
28,8/15/2022 19:45,30.457,0
29,8/15/2022 20:00,30.356,0
30,8/15/2022 20:15,30.255,0
31,8/15/2022 20:30,30.255,0
32,8/15/2022 20:45,30.154,0
33,8/15/2022 21:00,30.154,0
34,8/15/2022 21:15,30.154,0
35,8/15/2022 21:30,30.054,0
36,8/15/2022 21:45,30.054,0
37,8/15/2022 22:00,29.953,0
38,8/15/2022 22:15,29.953,0
39,8/15/2022 22:30,29.953,0
40,8/15/2022 22:45,29.853,0
41,8/15/2022 23:00,29.853,0
42,8/15/2022 23:15,29.853,0
43,8/15/2022 23:30,29.853,0
44,8/15/2022 23:45,29.752,0
45,8/16/2022 0:00,29.752,0
46,8/16/2022 0:15,29.752,0
47,8/16/2022 0:30,29.652,0
48,8/16/2022 0:45,29.652,0
49,8/16/2022 1:00,29.652,0
50,8/16/2022 1:15,29.652,0
51,8/16/2022 1:30,29.652,0
52,8/16/2022 1:45,29.552,0
53,8/16/2022 2:00,29.552,0
54,8/16/2022 2:15,29.452,0
55,8/16/2022 2:30,29.452,0
56,8/16/2022 2:45,29.452,0
57,8/16/2022 3:00,29.452,0
58,8/16/2022 3:15,29.352,0
59,8/16/2022 3:30,29.352,0
60,8/16/2022 3:45,29.352,0
61,8/16/2022 4:00,29.252,0
62,8/16/2022 4:15,29.252,0
63,8/16/2022 4:30,29.252,0
64,8/16/2022 4:45,29.252,0
65,8/16/2022 5:00,29.352,0
66,8/16/2022 5:15,29.352,0
67,8/16/2022 5:30,29.352,0
68,8/16/2022 5:45,29.352,0
69,8/16/2022 6:00,29.352,10.8
70,8/16/2022 6:15,29.352,43.1
71,8/16/2022 6:30,29.352,279.9
72,8/16/2022 6:45,29.352,96.9
73,8/16/2022 7:00,29.352,150.7
74,8/16/2022 7:15,29.352,312.2
75,8/16/2022 7:30,29.452,559.7
76,8/16/2022 7:45,29.452,366
77,8/16/2022 8:00,29.452,204.5
78,8/16/2022 8:15,29.452,247.6
79,8/16/2022 8:30,29.552,279.9
80,8/16/2022 8:45,29.552,258.3
81,8/16/2022 9:00,29.552,366
82,8/16/2022 9:15,29.552,861.1
83,8/16/2022 9:30,29.652,549
84,8/16/2022 9:45,29.652,1130.2
85,8/16/2022 10:00,29.752,958
86,8/16/2022 10:15,29.752,1463.9
87,8/16/2022 10:30,29.853,1636.1
88,8/16/2022 10:45,29.953,1808.3
89,8/16/2022 11:00,30.054,2152.8
90,8/16/2022 11:15,30.154,2755.6
91,8/16/2022 11:30,30.255,2583.4
92,8/16/2022 11:45,30.457,3272.2
93,8/16/2022 12:00,30.558,4305.6
94,8/16/2022 12:15,30.76,3444.5
95,8/16/2022 12:30,30.862,4133.4
96,8/16/2022 12:45,31.064,4305.6
97,8/16/2022 13:00,31.268,3961.1
98,8/16/2022 13:15,31.37,4305.6
99,8/16/2022 13:30,31.472,3788.9
100,8/16/2022 13:45,31.574,3961.1
101,8/16/2022 14:00,31.676,3616.7
102,8/16/2022 14:15,31.778,1722.2
103,8/16/2022 14:30,31.88,3100
104,8/16/2022 14:45,31.88,3444.5
105,8/16/2022 15:00,31.676,775
106,8/16/2022 15:15,31.574,1173.3
107,8/16/2022 15:30,31.37,1044.1
108,8/16/2022 15:45,31.268,258.3
109,8/16/2022 16:00,31.166,204.5
110,8/16/2022 16:15,30.963,204.5
111,8/16/2022 16:30,30.862,183
112,8/16/2022 16:45,30.659,204.5
113,8/16/2022 17:00,30.558,139.9
114,8/16/2022 17:15,30.457,107.6
115,8/16/2022 17:30,30.457,64.6
116,8/16/2022 17:45,30.356,75.3
117,8/16/2022 18:00,30.255,75.3
118,8/16/2022 18:15,30.255,43.1
119,8/16/2022 18:30,30.154,0
120,8/16/2022 18:45,30.154,0
121,8/16/2022 19:00,30.054,0
122,8/16/2022 19:15,29.953,0
123,8/16/2022 19:30,29.953,0
124,8/16/2022 19:45,29.953,0
125,8/16/2022 20:00,29.953,0
126,8/16/2022 20:15,29.853,0
127,8/16/2022 20:30,29.853,0
128,8/16/2022 20:45,29.853,0
129,8/16/2022 21:00,29.752,0
130,8/16/2022 21:15,29.752,0
131,8/16/2022 21:30,29.752,0
132,8/16/2022 21:45,29.752,0
133,8/16/2022 22:00,29.652,0
134,8/16/2022 22:15,29.652,0
135,8/16/2022 22:30,29.652,0
136,8/16/2022 22:45,29.652,0
137,8/16/2022 23:00,29.652,0
138,8/16/2022 23:15,29.652,0
139,8/16/2022 23:30,29.552,0
140,8/16/2022 23:45,29.552,0
141,8/17/2022 0:00,29.552,0
142,8/17/2022 0:15,29.552,0
143,8/17/2022 0:30,29.452,0
144,8/17/2022 0:45,29.452,0
145,8/17/2022 1:00,29.452,0
146,8/17/2022 1:15,29.452,0
147,8/17/2022 1:30,29.452,0
148,8/17/2022 1:45,29.452,0
149,8/17/2022 2:00,29.452,0
150,8/17/2022 2:15,29.352,0
151,8/17/2022 2:30,29.352,0
152,8/17/2022 2:45,29.352,0
153,8/17/2022 3:00,29.352,0
154,8/17/2022 3:15,29.352,0
155,8/17/2022 3:30,29.252,0
156,8/17/2022 3:45,29.252,0
157,8/17/2022 4:00,29.152,0
158,8/17/2022 4:15,29.152,0
159,8/17/2022 4:30,29.152,0
160,8/17/2022 4:45,29.152,0
161,8/17/2022 5:00,29.152,0
162,8/17/2022 5:15,29.053,0
163,8/17/2022 5:30,29.152,0
164,8/17/2022 5:45,29.152,0
165,8/17/2022 6:00,29.152,21.5
166,8/17/2022 6:15,29.152,96.9
167,8/17/2022 6:30,29.152,753.5
168,8/17/2022 6:45,29.152,861.1
169,8/17/2022 7:00,29.053,990.3
170,8/17/2022 7:15,29.053,1356.3
171,8/17/2022 7:30,29.152,1377.8
172,8/17/2022 7:45,29.152,2152.8
173,8/17/2022 8:00,29.053,904.2
174,8/17/2022 8:15,29.053,785.8
175,8/17/2022 8:30,29.053,731.9
176,8/17/2022 8:45,29.053,1980.6
177,8/17/2022 9:00,29.152,4822.3
178,8/17/2022 9:15,29.252,6200
179,8/17/2022 9:30,29.352,3961.1
180,8/17/2022 9:45,29.452,8266.7
181,8/17/2022 10:00,29.352,3788.9
182,8/17/2022 10:15,29.352,2927.8
183,8/17/2022 10:30,29.252,3444.5
184,8/17/2022 10:45,29.252,4822.3
185,8/17/2022 11:00,29.352,5511.1
186,8/17/2022 11:15,29.352,6200
187,8/17/2022 11:30,29.352,5511.1
188,8/17/2022 11:45,29.452,6200
189,8/17/2022 12:00,29.452,7233.4
190,8/17/2022 12:15,29.552,7233.4
191,8/17/2022 12:30,29.552,8266.7
192,8/17/2022 12:45,29.652,5511.1
193,8/17/2022 13:00,29.752,9300.1
194,8/17/2022 13:15,29.953,11022.3
195,8/17/2022 13:30,29.953,10333.4
196,8/17/2022 13:45,30.054,9644.5
197,8/17/2022 14:00,30.154,11711.2
198,8/17/2022 14:15,30.255,10333.4
199,8/17/2022 14:30,30.154,8266.7
200,8/17/2022 14:45,30.255,10677.8
201,8/17/2022 15:00,30.054,1894.5
202,8/17/2022 15:15,29.953,1722.2
203,8/17/2022 15:30,29.953,1463.9
204,8/17/2022 15:45,29.953,1377.8
205,8/17/2022 16:00,29.953,1259.4
206,8/17/2022 16:15,29.953,1076.4
207,8/17/2022 16:30,29.853,958
208,8/17/2022 16:45,29.853,775
209,8/17/2022 17:00,29.853,538.2
210,8/17/2022 17:15,29.752,236.8
211,8/17/2022 17:30,29.552,139.9
212,8/17/2022 17:45,29.452,161.5
213,8/17/2022 18:00,29.252,64.6
214,8/17/2022 18:15,29.152,21.5
215,8/17/2022 18:30,29.152,0
216,8/17/2022 18:45,29.152,0
217,8/17/2022 19:00,29.053,0
218,8/17/2022 19:15,29.053,0
219,8/17/2022 19:30,29.053,0
220,8/17/2022 19:45,29.053,0
221,8/17/2022 20:00,29.053,0
222,8/17/2022 20:15,29.053,0
223,8/17/2022 20:30,29.152,0
224,8/17/2022 20:45,29.152,0
225,8/17/2022 21:00,29.152,0
226,8/17/2022 21:15,29.152,0
227,8/17/2022 21:30,29.152,0
228,8/17/2022 21:45,29.152,0
229,8/17/2022 22:00,29.152,0
230,8/17/2022 22:15,29.152,0
231,8/17/2022 22:30,29.152,0
232,8/17/2022 22:45,29.152,0
233,8/17/2022 23:00,29.152,0
234,8/17/2022 23:15,29.252,0
235,8/17/2022 23:30,29.252,0
236,8/17/2022 23:45,29.152,0
237,8/18/2022 0:00,29.152,0
238,8/18/2022 0:15,29.152,0
239,8/18/2022 0:30,29.152,0
240,8/18/2022 0:45,29.152,0
241,8/18/2022 1:00,29.152,0
242,8/18/2022 1:15,29.152,0
243,8/18/2022 1:30,29.152,0
244,8/18/2022 1:45,29.152,0
245,8/18/2022 2:00,29.152,0
246,8/18/2022 2:15,29.053,0
247,8/18/2022 2:30,29.053,0
248,8/18/2022 2:45,29.053,0
249,8/18/2022 3:00,29.053,0
250,8/18/2022 3:15,29.152,0
251,8/18/2022 3:30,29.053,0
252,8/18/2022 3:45,29.053,0
253,8/18/2022 4:00,29.053,0
254,8/18/2022 4:15,29.053,0
255,8/18/2022 4:30,29.053,0
256,8/18/2022 4:45,29.053,0
257,8/18/2022 5:00,29.053,0
258,8/18/2022 5:15,29.053,0
259,8/18/2022 5:30,29.053,0
260,8/18/2022 5:45,29.053,0
261,8/18/2022 6:00,29.053,0
262,8/18/2022 6:15,29.053,64.6
263,8/18/2022 6:30,29.152,139.9
264,8/18/2022 6:45,29.152,193.8
265,8/18/2022 7:00,29.152,193.8
266,8/18/2022 7:15,29.152,215.3
267,8/18/2022 7:30,29.152,172.2
268,8/18/2022 7:45,29.152,258.3
269,8/18/2022 8:00,29.252,527.4
270,8/18/2022 8:15,29.252,775
271,8/18/2022 8:30,29.252,247.6
272,8/18/2022 8:45,29.352,279.9
273,8/18/2022 9:00,29.352,376.7
274,8/18/2022 9:15,29.452,484.4
275,8/18/2022 9:30,29.452,613.5
276,8/18/2022 9:45,29.652,3272.2
277,8/18/2022 10:00,29.752,3272.2
278,8/18/2022 10:15,29.752,3444.5
279,8/18/2022 10:30,29.853,3961.1
280,8/18/2022 10:45,29.953,3961.1
281,8/18/2022 11:00,29.953,4477.8
282,8/18/2022 11:15,30.154,5166.7
283,8/18/2022 11:30,30.356,7233.4
284,8/18/2022 11:45,30.659,11022.3
285,8/18/2022 12:00,31.166,14466.8
286,8/18/2022 12:15,31.574,15155.7
287,8/18/2022 12:30,31.778,17911.2
288,8/18/2022 12:45,31.88,15844.5
289,8/18/2022 13:00,32.086,17911.2
290,8/18/2022 13:15,32.086,17911.2
291,8/18/2022 13:30,32.188,18600.1
292,8/18/2022 13:45,32.188,16533.4
293,8/18/2022 14:00,32.188,15155.7
294,8/18/2022 14:15,32.086,14466.8
295,8/18/2022 14:30,32.086,13777.9
296,8/18/2022 14:45,32.086,13089
297,8/18/2022 15:00,31.983,12400.1
298,8/18/2022 15:15,31.983,11022.3
299,8/18/2022 15:30,31.983,13089
300,8/18/2022 15:45,31.88,8611.2
301,8/18/2022 16:00,31.676,12400.1
302,8/18/2022 16:15,31.268,3100
303,8/18/2022 16:30,31.166,3961.1
304,8/18/2022 16:45,31.064,1722.2
305,8/18/2022 17:00,30.963,1367
306,8/18/2022 17:15,30.76,904.2
307,8/18/2022 17:30,30.659,602.8
308,8/18/2022 17:45,30.558,366
309,8/18/2022 18:00,30.457,258.3
310,8/18/2022 18:15,30.356,129.2
311,8/18/2022 18:30,30.255,43.1
312,8/18/2022 18:45,30.154,0
313,8/18/2022 19:00,30.054,0
314,8/18/2022 19:15,30.054,0
315,8/18/2022 19:30,29.953,0
316,8/18/2022 19:45,29.853,0
317,8/18/2022 20:00,29.752,0
318,8/18/2022 20:15,29.752,0
319,8/18/2022 20:30,29.652,0
320,8/18/2022 20:45,29.652,0
321,8/18/2022 21:00,29.552,0
322,8/18/2022 21:15,29.552,0
323,8/18/2022 21:30,29.452,0
324,8/18/2022 21:45,29.452,0
325,8/18/2022 22:00,29.452,0
326,8/18/2022 22:15,29.452,0
327,8/18/2022 22:30,29.452,0
328,8/18/2022 22:45,29.452,0
329,8/18/2022 23:00,29.452,0
330,8/18/2022 23:15,29.452,0
331,8/18/2022 23:30,29.452,0
332,8/18/2022 23:45,29.452,0
333,8/19/2022 0:00,29.352,0
334,8/19/2022 0:15,29.252,0
335,8/19/2022 0:30,29.252,0
336,8/19/2022 0:45,29.252,0
337,8/19/2022 1:00,29.252,0
338,8/19/2022 1:15,29.252,0
339,8/19/2022 1:30,29.152,0
340,8/19/2022 1:45,29.053,0
341,8/19/2022 2:00,29.053,0
342,8/19/2022 2:15,29.053,0
343,8/19/2022 2:30,29.053,0
344,8/19/2022 2:45,29.053,0
345,8/19/2022 3:00,29.053,0
346,8/19/2022 3:15,29.053,0
347,8/19/2022 3:30,29.053,0
348,8/19/2022 3:45,29.053,0
349,8/19/2022 4:00,29.053,0
350,8/19/2022 4:15,29.053,0
351,8/19/2022 4:30,29.053,0
352,8/19/2022 4:45,29.053,0
353,8/19/2022 5:00,29.152,0
354,8/19/2022 5:15,29.053,0
355,8/19/2022 5:30,29.152,0
356,8/19/2022 5:45,29.053,0
357,8/19/2022 6:00,29.053,10.8
358,8/19/2022 6:15,29.053,161.5
359,8/19/2022 6:30,29.152,839.6
360,8/19/2022 6:45,29.152,871.9
361,8/19/2022 7:00,29.152,828.8
362,8/19/2022 7:15,29.152,764.2
363,8/19/2022 7:30,29.152,667.4
364,8/19/2022 7:45,29.152,925.7
365,8/19/2022 8:00,29.152,1194.8
366,8/19/2022 8:15,29.152,1463.9
367,8/19/2022 8:30,29.152,1894.5
368,8/19/2022 8:45,29.152,2669.5
369,8/19/2022 9:00,29.352,4822.3
370,8/19/2022 9:15,29.552,6544.5
371,8/19/2022 9:30,29.652,7233.4
372,8/19/2022 9:45,29.752,8266.7
373,8/19/2022 10:00,29.752,7577.8
374,8/19/2022 10:15,29.853,9644.5
375,8/19/2022 10:30,29.953,10677.8
376,8/19/2022 10:45,30.054,11711.2
377,8/19/2022 11:00,30.154,11711.2
378,8/19/2022 11:15,30.255,11022.3
379,8/19/2022 11:30,30.255,9300.1
380,8/19/2022 11:45,30.255,8266.7
381,8/19/2022 12:00,30.255,7233.4
382,8/19/2022 12:15,30.356,7577.8
383,8/19/2022 12:30,30.356,7577.8
384,8/19/2022 12:45,30.457,8266.7
385,8/19/2022 13:00,30.457,8266.7
386,8/19/2022 13:15,30.457,7577.8
387,8/19/2022 13:30,30.457,7577.8
388,8/19/2022 13:45,30.558,8266.7
389,8/19/2022 14:00,30.558,10333.4
390,8/19/2022 14:15,30.558,10677.8
391,8/19/2022 14:30,30.659,10333.4
392,8/19/2022 14:45,30.659,9644.5
393,8/19/2022 15:00,30.558,7233.4
394,8/19/2022 15:15,30.558,7577.8
395,8/19/2022 15:30,30.659,7233.4
396,8/19/2022 15:45,30.558,6544.5
397,8/19/2022 16:00,30.659,9644.5
398,8/19/2022 16:15,30.659,6544.5
399,8/19/2022 16:30,30.558,6544.5
400,8/19/2022 16:45,30.659,6544.5
401,8/19/2022 17:00,30.558,5338.9
402,8/19/2022 17:15,30.457,3961.1
403,8/19/2022 17:30,30.356,2497.2
404,8/19/2022 17:45,30.255,1808.3
405,8/19/2022 18:00,30.154,1194.8
406,8/19/2022 18:15,30.054,667.4
407,8/19/2022 18:30,29.953,215.3
408,8/19/2022 18:45,29.853,0
409,8/19/2022 19:00,29.752,0
410,8/19/2022 19:15,29.752,0
411,8/19/2022 19:30,29.652,0
412,8/19/2022 19:45,29.652,0
413,8/19/2022 20:00,29.552,0
414,8/19/2022 20:15,29.452,0
415,8/19/2022 20:30,29.452,0
416,8/19/2022 20:45,29.452,0
417,8/19/2022 21:00,29.352,0
418,8/19/2022 21:15,29.352,0
419,8/19/2022 21:30,29.252,0
420,8/19/2022 21:45,29.152,0
421,8/19/2022 22:00,29.152,0
422,8/19/2022 22:15,29.152,0
423,8/19/2022 22:30,29.152,0
424,8/19/2022 22:45,29.152,0
425,8/19/2022 23:00,29.152,0
426,8/19/2022 23:15,29.053,0
427,8/19/2022 23:30,29.053,0
428,8/19/2022 23:45,29.053,0
429,8/20/2022 0:00,29.053,0
430,8/20/2022 0:15,29.053,0
431,8/20/2022 0:30,29.053,0
432,8/20/2022 0:45,29.053,0
433,8/20/2022 1:00,28.953,0
434,8/20/2022 1:15,28.953,0
435,8/20/2022 1:30,28.953,0
436,8/20/2022 1:45,29.053,0
437,8/20/2022 2:00,29.053,0
438,8/20/2022 2:15,29.053,0
439,8/20/2022 2:30,29.152,0
440,8/20/2022 2:45,29.053,0
441,8/20/2022 3:00,28.953,0
442,8/20/2022 3:15,28.953,0
443,8/20/2022 3:30,28.953,0
444,8/20/2022 3:45,28.953,0
445,8/20/2022 4:00,28.853,0
446,8/20/2022 4:15,28.853,0
447,8/20/2022 4:30,28.953,0
448,8/20/2022 4:45,28.953,0
449,8/20/2022 5:00,28.853,0
450,8/20/2022 5:15,28.853,0
451,8/20/2022 5:30,28.754,0
452,8/20/2022 5:45,28.754,0
453,8/20/2022 6:00,28.853,0
454,8/20/2022 6:15,28.853,172.2
455,8/20/2022 6:30,28.853,398.3
456,8/20/2022 6:45,28.853,495.1
457,8/20/2022 7:00,28.953,882.6
458,8/20/2022 7:15,28.953,1377.8
459,8/20/2022 7:30,29.053,1980.6
460,8/20/2022 7:45,29.053,3100
461,8/20/2022 8:00,29.053,4133.4
462,8/20/2022 8:15,29.152,5166.7
463,8/20/2022 8:30,29.252,5166.7
464,8/20/2022 8:45,29.252,4133.4
465,8/20/2022 9:00,29.252,4822.3
466,8/20/2022 9:15,29.252,2325
467,8/20/2022 9:30,29.252,2755.6
468,8/20/2022 9:45,29.352,3272.2
469,8/20/2022 10:00,29.452,3100
470,8/20/2022 10:15,29.552,3100
471,8/20/2022 10:30,29.652,3444.5
472,8/20/2022 10:45,29.652,4133.4
473,8/20/2022 11:00,29.752,4477.8
474,8/20/2022 11:15,29.853,5166.7
475,8/20/2022 11:30,29.953,6200
476,8/20/2022 11:45,30.154,6544.5
477,8/20/2022 12:00,30.255,6200
478,8/20/2022 12:15,30.457,8266.7
479,8/20/2022 12:30,30.659,8266.7
480,8/20/2022 12:45,30.76,7577.8
481,8/20/2022 13:00,30.963,10333.4
482,8/20/2022 13:15,31.166,11711.2
483,8/20/2022 13:30,31.778,28933.5
484,8/20/2022 13:45,31.574,17222.3
485,8/20/2022 14:00,31.574,14466.8
486,8/20/2022 14:15,31.676,17911.2
487,8/20/2022 14:30,31.676,13777.9
488,8/20/2022 14:45,31.574,13089
489,8/20/2022 15:00,31.472,9644.5
490,8/20/2022 15:15,31.472,10677.8
491,8/20/2022 15:30,31.37,9300.1
492,8/20/2022 15:45,31.37,8611.2
493,8/20/2022 16:00,31.37,10677.8
494,8/20/2022 16:15,31.268,8266.7
495,8/20/2022 16:30,31.166,12400.1
496,8/20/2022 16:45,31.166,10333.4
497,8/20/2022 17:00,30.963,6544.5
498,8/20/2022 17:15,30.862,5511.1
499,8/20/2022 17:30,30.659,4477.8
500,8/20/2022 17:45,30.558,3272.2
501,8/20/2022 18:00,30.457,2238.9
502,8/20/2022 18:15,30.356,979.5
503,8/20/2022 18:30,30.255,150.7
504,8/20/2022 18:45,30.154,0
505,8/20/2022 19:00,30.054,0
506,8/20/2022 19:15,30.054,0
507,8/20/2022 19:30,29.953,0
508,8/20/2022 19:45,29.853,0
509,8/20/2022 20:00,29.752,0
510,8/20/2022 20:15,29.652,0
511,8/20/2022 20:30,29.652,0
512,8/20/2022 20:45,29.552,0
513,8/20/2022 21:00,29.552,0
514,8/20/2022 21:15,29.552,0
515,8/20/2022 21:30,29.552,0
516,8/20/2022 21:45,29.552,0
517,8/20/2022 22:00,29.552,0
518,8/20/2022 22:15,29.452,0
519,8/20/2022 22:30,29.552,0
520,8/20/2022 22:45,29.452,0
521,8/20/2022 23:00,29.452,0
522,8/20/2022 23:15,29.452,0
523,8/20/2022 23:30,29.452,0
524,8/20/2022 23:45,29.352,0
525,8/21/2022 0:00,29.352,0
526,8/21/2022 0:15,29.352,0
527,8/21/2022 0:30,29.352,0
528,8/21/2022 0:45,29.352,0
529,8/21/2022 1:00,29.352,0
530,8/21/2022 1:15,29.352,0
531,8/21/2022 1:30,29.252,0
532,8/21/2022 1:45,29.252,0
533,8/21/2022 2:00,29.152,0
534,8/21/2022 2:15,29.152,0
535,8/21/2022 2:30,29.152,0
536,8/21/2022 2:45,29.152,0
537,8/21/2022 3:00,29.152,0
538,8/21/2022 3:15,29.053,0
539,8/21/2022 3:30,29.053,0
540,8/21/2022 3:45,28.953,0
541,8/21/2022 4:00,28.853,0
542,8/21/2022 4:15,28.853,0
543,8/21/2022 4:30,28.754,0
544,8/21/2022 4:45,28.655,0
545,8/21/2022 5:00,28.754,0
546,8/21/2022 5:15,28.655,0
547,8/21/2022 5:30,28.655,0
548,8/21/2022 5:45,28.754,0
549,8/21/2022 6:00,28.754,53.8
550,8/21/2022 6:15,28.754,409
551,8/21/2022 6:30,28.853,1227.1
552,8/21/2022 6:45,28.953,1980.6
553,8/21/2022 7:00,29.053,2755.6
554,8/21/2022 7:15,29.053,2238.9
555,8/21/2022 7:30,29.152,2755.6
556,8/21/2022 7:45,29.152,2238.9
557,8/21/2022 8:00,29.252,2497.2
558,8/21/2022 8:15,29.352,2927.8
559,8/21/2022 8:30,29.352,2325
560,8/21/2022 8:45,29.352,5166.7
561,8/21/2022 9:00,29.252,4477.8
562,8/21/2022 9:15,29.252,5338.9
563,8/21/2022 9:30,29.252,5338.9
564,8/21/2022 9:45,29.352,7577.8
565,8/21/2022 10:00,29.552,11022.3
566,8/21/2022 10:15,29.752,12400.1
567,8/21/2022 10:30,29.853,11711.2
568,8/21/2022 10:45,29.853,10677.8
569,8/21/2022 11:00,30.054,13089
570,8/21/2022 11:15,30.255,13777.9
571,8/21/2022 11:30,30.457,17222.3
572,8/21/2022 11:45,30.659,19977.9
573,8/21/2022 12:00,30.76,13089
574,8/21/2022 12:15,30.963,14466.8
575,8/21/2022 12:30,31.166,22044.6
576,8/21/2022 12:45,31.472,24800.2
577,8/21/2022 13:00,31.166,16533.4
578,8/21/2022 13:15,31.472,22044.6
579,8/21/2022 13:30,31.676,27555.7
580,8/21/2022 13:45,31.574,15844.5
581,8/21/2022 14:00,31.574,17911.2
582,8/21/2022 14:15,31.574,19289
583,8/21/2022 14:30,31.676,22044.6
584,8/21/2022 14:45,31.574,16533.4
585,8/21/2022 15:00,31.676,19977.9
586,8/21/2022 15:15,31.574,9644.5
587,8/21/2022 15:30,31.574,12400.1
588,8/21/2022 15:45,31.574,8611.2
589,8/21/2022 16:00,31.268,8611.2
590,8/21/2022 16:15,31.166,7233.4
591,8/21/2022 16:30,31.064,5511.1
592,8/21/2022 16:45,31.166,11711.2
593,8/21/2022 17:00,31.064,5511.1
594,8/21/2022 17:15,31.574,22044.6
595,8/21/2022 17:30,30.76,2411.1
596,8/21/2022 17:45,30.558,1722.2
597,8/21/2022 18:00,30.457,1194.8
598,8/21/2022 18:15,30.356,409
599,8/21/2022 18:30,30.154,118.4
600,8/21/2022 18:45,30.054,0
601,8/21/2022 19:00,29.953,0
602,8/21/2022 19:15,29.853,0
603,8/21/2022 19:30,29.752,0
604,8/21/2022 19:45,29.752,0
605,8/21/2022 20:00,29.652,0
606,8/21/2022 20:15,29.652,0
607,8/21/2022 20:30,29.652,0
608,8/21/2022 20:45,29.652,0
609,8/21/2022 21:00,29.552,0
610,8/21/2022 21:15,29.552,0
611,8/21/2022 21:30,29.552,0
612,8/21/2022 21:45,29.552,0
613,8/21/2022 22:00,29.552,0
614,8/21/2022 22:15,29.552,0
615,8/21/2022 22:30,29.552,0
616,8/21/2022 22:45,29.552,0
617,8/21/2022 23:00,29.552,0
618,8/21/2022 23:15,29.552,0
619,8/21/2022 23:30,29.452,0
620,8/21/2022 23:45,29.452,0
621,8/22/2022 0:00,29.352,0
622,8/22/2022 0:15,29.352,0
623,8/22/2022 0:30,29.352,0
624,8/22/2022 0:45,29.252,0
625,8/22/2022 1:00,29.252,0
626,8/22/2022 1:15,29.252,0
627,8/22/2022 1:30,29.252,0
628,8/22/2022 1:45,29.152,0
629,8/22/2022 2:00,28.953,0
630,8/22/2022 2:15,28.953,0
631,8/22/2022 2:30,28.853,0
632,8/22/2022 2:45,28.953,0
633,8/22/2022 3:00,28.953,0
634,8/22/2022 3:15,28.953,0
635,8/22/2022 3:30,28.953,0
636,8/22/2022 3:45,28.953,0
637,8/22/2022 4:00,28.953,0
638,8/22/2022 4:15,28.953,0
639,8/22/2022 4:30,28.853,0
640,8/22/2022 4:45,28.754,0
641,8/22/2022 5:00,28.754,0
642,8/22/2022 5:15,28.655,0
643,8/22/2022 5:30,28.655,0
644,8/22/2022 5:45,28.555,0
645,8/22/2022 6:00,28.456,10.8
646,8/22/2022 6:15,28.456,129.2
647,8/22/2022 6:30,28.456,247.6
648,8/22/2022 6:45,28.555,387.5
649,8/22/2022 7:00,28.555,559.7
650,8/22/2022 7:15,28.655,1076.4
651,8/22/2022 7:30,28.754,2927.8
652,8/22/2022 7:45,28.953,3444.5
653,8/22/2022 8:00,29.053,688.9
654,8/22/2022 8:15,29.053,796.5
655,8/22/2022 8:30,29.152,775
656,8/22/2022 8:45,29.252,968.8
657,8/22/2022 9:00,29.352,1033.3
658,8/22/2022 9:15,29.352,1184
659,8/22/2022 9:30,29.452,968.8
660,8/22/2022 9:45,29.452,818.1
661,8/22/2022 10:00,29.452,1722.2
662,8/22/2022 10:15,29.552,1280.9
663,8/22/2022 10:30,29.552,1194.8
664,8/22/2022 10:45,29.652,1550
665,8/22/2022 11:00,29.652,871.9
666,8/22/2022 11:15,29.652,387.5
667,8/22/2022 11:30,29.652,193.8
668,8/22/2022 11:45,29.652,236.8
669,8/22/2022 12:00,29.552,322.9
670,8/22/2022 12:15,29.552,527.4
671,8/22/2022 12:30,29.452,688.9
672,8/22/2022 12:45,29.452,290.6
673,8/22/2022 13:00,29.352,150.7
674,8/22/2022 13:15,29.352,118.4
675,8/22/2022 13:30,29.252,75.3
676,8/22/2022 13:45,29.252,86.1
677,8/22/2022 14:00,29.152,86.1
678,8/22/2022 14:15,29.152,129.2
679,8/22/2022 14:30,29.053,193.8
680,8/22/2022 14:45,29.053,301.4
681,8/22/2022 15:00,29.053,376.7
682,8/22/2022 15:15,28.953,441.3
683,8/22/2022 15:30,28.953,462.9
684,8/22/2022 15:45,28.953,409
685,8/22/2022 16:00,28.953,333.7
686,8/22/2022 16:15,28.853,290.6
687,8/22/2022 16:30,28.853,258.3
688,8/22/2022 16:45,28.754,247.6
689,8/22/2022 17:00,28.754,226
690,8/22/2022 17:15,28.754,183
691,8/22/2022 17:30,28.754,161.5
692,8/22/2022 17:45,28.754,139.9
693,8/22/2022 18:00,28.754,86.1
694,8/22/2022 18:15,28.754,32.3
695,8/22/2022 18:30,28.754,0
696,8/22/2022 18:45,28.754,0
697,8/22/2022 19:00,28.655,0
698,8/22/2022 19:15,28.655,0
699,8/22/2022 19:30,28.754,0
700,8/22/2022 19:45,28.655,0
701,8/22/2022 20:00,28.655,0
702,8/22/2022 20:15,28.655,0
703,8/22/2022 20:30,28.655,0
704,8/22/2022 20:45,28.555,0
705,8/22/2022 21:00,28.555,0
706,8/22/2022 21:15,28.555,0
707,8/22/2022 21:30,28.555,0
708,8/22/2022 21:45,28.456,0
709,8/22/2022 22:00,28.456,0
710,8/22/2022 22:15,28.456,0
711,8/22/2022 22:30,28.357,0
712,8/22/2022 22:45,28.357,0
713,8/22/2022 23:00,28.357,0
714,8/22/2022 23:15,28.357,0
715,8/22/2022 23:30,28.357,0
716,8/22/2022 23:45,28.357,0
717,8/23/2022 0:00,28.456,0
718,8/23/2022 0:15,28.456,0
719,8/23/2022 0:30,28.555,0
720,8/23/2022 0:45,28.555,0
721,8/23/2022 1:00,28.655,0
722,8/23/2022 1:15,28.655,0
723,8/23/2022 1:30,28.754,0
724,8/23/2022 1:45,28.754,0
725,8/23/2022 2:00,28.754,0
726,8/23/2022 2:15,28.754,0
727,8/23/2022 2:30,28.754,0
728,8/23/2022 2:45,28.853,0
729,8/23/2022 3:00,28.853,0
730,8/23/2022 3:15,28.853,0
731,8/23/2022 3:30,28.853,0
732,8/23/2022 3:45,28.953,0
733,8/23/2022 4:00,28.853,0
734,8/23/2022 4:15,28.853,0
735,8/23/2022 4:30,28.853,0
736,8/23/2022 4:45,28.853,0
737,8/23/2022 5:00,28.853,0
738,8/23/2022 5:15,28.853,0
739,8/23/2022 5:30,28.853,0
740,8/23/2022 5:45,28.853,0
741,8/23/2022 6:00,28.853,0
742,8/23/2022 6:15,28.853,10.8
743,8/23/2022 6:30,28.853,64.6
744,8/23/2022 6:45,28.853,204.5
745,8/23/2022 7:00,28.853,64.6
746,8/23/2022 7:15,28.853,118.4
747,8/23/2022 7:30,28.853,86.1
748,8/23/2022 7:45,28.754,172.2
749,8/23/2022 8:00,28.754,322.9
750,8/23/2022 8:15,28.853,193.8
751,8/23/2022 8:30,28.853,226
752,8/23/2022 8:45,28.853,473.6
753,8/23/2022 9:00,28.754,635.1
754,8/23/2022 9:15,28.754,688.9
755,8/23/2022 9:30,28.754,1162.5
756,8/23/2022 9:45,28.754,1205.6
757,8/23/2022 10:00,28.754,1463.9
758,8/23/2022 10:15,28.853,1367
759,8/23/2022 10:30,28.853,1636.1
760,8/23/2022 10:45,28.953,2325
761,8/23/2022 11:00,29.053,2238.9
762,8/23/2022 11:15,29.152,1259.4
763,8/23/2022 11:30,29.252,1550
764,8/23/2022 11:45,29.552,14466.8
765,8/23/2022 12:00,29.853,11711.2
766,8/23/2022 12:15,29.953,9644.5
767,8/23/2022 12:30,30.054,6544.5
768,8/23/2022 12:45,30.054,3272.2
769,8/23/2022 13:00,30.154,5166.7
770,8/23/2022 13:15,30.255,6544.5
771,8/23/2022 13:30,30.356,6200
772,8/23/2022 13:45,30.457,602.8
773,8/23/2022 14:00,30.457,1108.7
774,8/23/2022 14:15,30.558,775
775,8/23/2022 14:30,30.659,990.3
776,8/23/2022 14:45,30.76,914.9
777,8/23/2022 15:00,30.862,2927.8
778,8/23/2022 15:15,30.862,3961.1
779,8/23/2022 15:30,30.76,1550
780,8/23/2022 15:45,30.76,2066.7
781,8/23/2022 16:00,30.659,2325
782,8/23/2022 16:15,30.659,1894.5
783,8/23/2022 16:30,30.558,1334.7
784,8/23/2022 16:45,30.558,850.4
785,8/23/2022 17:00,30.558,1108.7
786,8/23/2022 17:15,30.457,516.7
787,8/23/2022 17:30,30.457,473.6
788,8/23/2022 17:45,30.356,290.6
789,8/23/2022 18:00,30.356,150.7
790,8/23/2022 18:15,30.255,107.6
791,8/23/2022 18:30,30.154,0
792,8/23/2022 18:45,30.154,0
793,8/23/2022 19:00,30.054,0
794,8/23/2022 19:15,29.953,0
795,8/23/2022 19:30,29.953,0
796,8/23/2022 19:45,29.853,0
797,8/23/2022 20:00,29.752,0
798,8/23/2022 20:15,29.752,0
799,8/23/2022 20:30,29.652,0
800,8/23/2022 20:45,29.552,0
801,8/23/2022 21:00,29.552,0
802,8/23/2022 21:15,29.452,0
803,8/23/2022 21:30,29.452,0
804,8/23/2022 21:45,29.352,0
805,8/23/2022 22:00,29.352,0
806,8/23/2022 22:15,29.352,0
807,8/23/2022 22:30,29.252,0
808,8/23/2022 22:45,29.252,0
809,8/23/2022 23:00,29.252,0
810,8/23/2022 23:15,29.252,0
811,8/23/2022 23:30,29.152,0
812,8/23/2022 23:45,29.053,0
813,8/24/2022 0:00,28.953,0
814,8/24/2022 0:15,28.853,0
815,8/24/2022 0:30,28.953,0
816,8/24/2022 0:45,28.953,0
817,8/24/2022 1:00,28.953,0
818,8/24/2022 1:15,28.953,0
819,8/24/2022 1:30,28.853,0
820,8/24/2022 1:45,28.853,0
821,8/24/2022 2:00,28.754,0
822,8/24/2022 2:15,28.754,0
823,8/24/2022 2:30,28.754,0
824,8/24/2022 2:45,28.754,0
825,8/24/2022 3:00,28.754,0
826,8/24/2022 3:15,28.655,0
827,8/24/2022 3:30,28.655,0
828,8/24/2022 3:45,28.754,0
829,8/24/2022 4:00,28.754,0
830,8/24/2022 4:15,28.754,0
831,8/24/2022 4:30,28.754,0
832,8/24/2022 4:45,28.754,0
833,8/24/2022 5:00,28.754,0
834,8/24/2022 5:15,28.754,0
835,8/24/2022 5:30,28.853,0
836,8/24/2022 5:45,28.853,0
837,8/24/2022 6:00,28.754,0
838,8/24/2022 6:15,28.754,53.8
839,8/24/2022 6:30,28.754,129.2
840,8/24/2022 6:45,28.853,172.2
841,8/24/2022 7:00,28.853,215.3
842,8/24/2022 7:15,28.853,247.6
843,8/24/2022 7:30,28.953,258.3
844,8/24/2022 7:45,28.953,344.4
845,8/24/2022 8:00,29.053,441.3
846,8/24/2022 8:15,29.053,473.6
847,8/24/2022 8:30,29.152,441.3
848,8/24/2022 8:45,29.252,366
849,8/24/2022 9:00,29.252,473.6
850,8/24/2022 9:15,29.352,613.5
851,8/24/2022 9:30,29.452,742.7
852,8/24/2022 9:45,29.452,678.1
853,8/24/2022 10:00,29.552,710.4
854,8/24/2022 10:15,29.652,1130.2
855,8/24/2022 10:30,29.652,1076.4
856,8/24/2022 10:45,29.752,1001
857,8/24/2022 11:00,29.853,1076.4
858,8/24/2022 11:15,29.953,1463.9
859,8/24/2022 11:30,30.154,2669.5
860,8/24/2022 11:45,30.356,4822.3
861,8/24/2022 12:00,30.457,4822.3
862,8/24/2022 12:15,30.558,5166.7
863,8/24/2022 12:30,30.76,4477.8
864,8/24/2022 12:45,30.862,4477.8
865,8/24/2022 13:00,31.064,6200
866,8/24/2022 13:15,31.166,3616.7
867,8/24/2022 13:30,31.268,5166.7
868,8/24/2022 13:45,31.268,1722.2
869,8/24/2022 14:00,31.268,527.4
870,8/24/2022 14:15,31.166,473.6
871,8/24/2022 14:30,31.064,452.1
872,8/24/2022 14:45,30.963,387.5
873,8/24/2022 15:00,30.862,2669.5
874,8/24/2022 15:15,30.76,2066.7
875,8/24/2022 15:30,30.76,1550
876,8/24/2022 15:45,30.76,1302.4
877,8/24/2022 16:00,30.76,2669.5
878,8/24/2022 16:15,30.76,947.2
879,8/24/2022 16:30,30.659,764.2
880,8/24/2022 16:45,30.659,258.3
881,8/24/2022 17:00,30.659,193.8
882,8/24/2022 17:15,30.558,441.3
883,8/24/2022 17:30,30.558,215.3
884,8/24/2022 17:45,30.457,204.5
885,8/24/2022 18:00,30.457,269.1
886,8/24/2022 18:15,30.356,86.1
887,8/24/2022 18:30,30.255,21.5
888,8/24/2022 18:45,30.154,0
889,8/24/2022 19:00,30.054,0
890,8/24/2022 19:15,29.953,0
891,8/24/2022 19:30,29.953,0
892,8/24/2022 19:45,29.853,0
893,8/24/2022 20:00,29.752,0
894,8/24/2022 20:15,29.652,0
895,8/24/2022 20:30,29.652,0
896,8/24/2022 20:45,29.552,0
897,8/24/2022 21:00,29.452,0
898,8/24/2022 21:15,29.452,0
899,8/24/2022 21:30,29.452,0
900,8/24/2022 21:45,29.352,0
901,8/24/2022 22:00,29.352,0
902,8/24/2022 22:15,29.352,0
903,8/24/2022 22:30,29.352,0
904,8/24/2022 22:45,29.352,0
905,8/24/2022 23:00,29.352,0
906,8/24/2022 23:15,29.252,0
907,8/24/2022 23:30,29.252,0
908,8/24/2022 23:45,29.252,0
909,8/25/2022 0:00,29.252,0
910,8/25/2022 0:15,29.252,0
911,8/25/2022 0:30,29.152,0
912,8/25/2022 0:45,29.152,0
913,8/25/2022 1:00,29.152,0
914,8/25/2022 1:15,29.152,0
915,8/25/2022 1:30,29.152,0
916,8/25/2022 1:45,29.152,0
917,8/25/2022 2:00,29.152,0
918,8/25/2022 2:15,29.152,0
919,8/25/2022 2:30,29.053,0
920,8/25/2022 2:45,29.053,0
921,8/25/2022 3:00,29.152,0
922,8/25/2022 3:15,29.053,0
923,8/25/2022 3:30,29.053,0
924,8/25/2022 3:45,29.053,0
925,8/25/2022 4:00,29.053,0
926,8/25/2022 4:15,29.053,0
927,8/25/2022 4:30,28.953,0
928,8/25/2022 4:45,28.953,0
929,8/25/2022 5:00,28.953,0
930,8/25/2022 5:15,28.953,0
931,8/25/2022 5:30,28.953,0
932,8/25/2022 5:45,28.953,0
933,8/25/2022 6:00,28.953,0
934,8/25/2022 6:15,28.953,75.3
935,8/25/2022 6:30,28.953,139.9
936,8/25/2022 6:45,28.953,118.4
937,8/25/2022 7:00,28.953,96.9
938,8/25/2022 7:15,29.053,236.8
939,8/25/2022 7:30,29.053,549
940,8/25/2022 7:45,29.152,505.9
941,8/25/2022 8:00,29.252,344.4
942,8/25/2022 8:15,29.252,452.1
943,8/25/2022 8:30,29.352,204.5
944,8/25/2022 8:45,29.352,279.9
945,8/25/2022 9:00,29.452,258.3
946,8/25/2022 9:15,29.452,484.4
947,8/25/2022 9:30,29.552,742.7
948,8/25/2022 9:45,29.552,688.9
949,8/25/2022 10:00,29.652,710.4
950,8/25/2022 10:15,29.652,742.7
951,8/25/2022 10:30,29.752,279.9
952,8/25/2022 10:45,29.752,828.8
953,8/25/2022 11:00,29.853,1377.8
954,8/25/2022 11:15,29.953,1894.5
955,8/25/2022 11:30,30.154,2669.5
956,8/25/2022 11:45,30.356,5511.1
957,8/25/2022 12:00,30.457,2325
958,8/25/2022 12:15,30.659,5166.7
959,8/25/2022 12:30,30.76,4477.8
960,8/25/2022 12:45,30.963,4133.4
961,8/25/2022 13:00,31.064,3788.9
962,8/25/2022 13:15,31.166,3788.9
963,8/25/2022 13:30,31.268,2583.4
964,8/25/2022 13:45,31.676,14466.8
965,8/25/2022 14:00,31.676,9300.1
966,8/25/2022 14:15,31.676,8611.2
967,8/25/2022 14:30,31.574,3100
968,8/25/2022 14:45,31.676,2927.8
969,8/25/2022 15:00,31.778,4822.3
970,8/25/2022 15:15,31.88,4133.4
971,8/25/2022 15:30,31.676,2238.9
972,8/25/2022 15:45,31.574,2152.8
973,8/25/2022 16:00,31.472,1894.5
974,8/25/2022 16:15,31.472,1550
975,8/25/2022 16:30,31.37,1259.4
976,8/25/2022 16:45,31.472,2238.9
977,8/25/2022 17:00,31.37,1227.1
978,8/25/2022 17:15,31.268,893.4
979,8/25/2022 17:30,31.268,559.7
980,8/25/2022 17:45,31.268,376.7
981,8/25/2022 18:00,31.268,161.5
982,8/25/2022 18:15,31.166,64.6
983,8/25/2022 18:30,31.064,10.8
984,8/25/2022 18:45,30.963,0
985,8/25/2022 19:00,30.862,0
986,8/25/2022 19:15,30.76,0
987,8/25/2022 19:30,30.76,0
988,8/25/2022 19:45,30.659,0
989,8/25/2022 20:00,30.558,0
990,8/25/2022 20:15,30.457,0
991,8/25/2022 20:30,30.457,0
992,8/25/2022 20:45,30.356,0
993,8/25/2022 21:00,30.255,0
994,8/25/2022 21:15,30.255,0
995,8/25/2022 21:30,30.154,0
996,8/25/2022 21:45,30.054,0
997,8/25/2022 22:00,30.054,0
998,8/25/2022 22:15,29.953,0
999,8/25/2022 22:30,29.953,0
1000,8/25/2022 22:45,29.953,0
1001,8/25/2022 23:00,29.953,0
1002,8/25/2022 23:15,29.953,0
1003,8/25/2022 23:30,30.054,0
1004,8/25/2022 23:45,30.054,0
1005,8/26/2022 0:00,30.054,0
1006,8/26/2022 0:15,29.953,0
1007,8/26/2022 0:30,29.953,0
1008,8/26/2022 0:45,29.953,0
1009,8/26/2022 1:00,29.853,0
1010,8/26/2022 1:15,29.853,0
1011,8/26/2022 1:30,29.752,0
1012,8/26/2022 1:45,29.652,0
1013,8/26/2022 2:00,29.652,0
1014,8/26/2022 2:15,29.552,0
1015,8/26/2022 2:30,29.552,0
1016,8/26/2022 2:45,29.552,0
1017,8/26/2022 3:00,29.552,0
1018,8/26/2022 3:15,29.552,0
1019,8/26/2022 3:30,29.452,0
1020,8/26/2022 3:45,29.452,0
1021,8/26/2022 4:00,29.452,0
1022,8/26/2022 4:15,29.552,0
1023,8/26/2022 4:30,29.552,0
1024,8/26/2022 4:45,29.552,0
1025,8/26/2022 5:00,29.552,0
1026,8/26/2022 5:15,29.552,0
1027,8/26/2022 5:30,29.452,0
1028,8/26/2022 5:45,29.452,0
1029,8/26/2022 6:00,29.452,0
1030,8/26/2022 6:15,29.452,10.8
1031,8/26/2022 6:30,29.452,21.5
1032,8/26/2022 6:45,29.452,53.8
1033,8/26/2022 7:00,29.452,150.7
1034,8/26/2022 7:15,29.452,269.1
1035,8/26/2022 7:30,29.452,236.8
1036,8/26/2022 7:45,29.452,333.7
1037,8/26/2022 8:00,29.552,387.5
1038,8/26/2022 8:15,29.552,430.6
1039,8/26/2022 8:30,29.552,527.4
1040,8/26/2022 8:45,29.652,592
1041,8/26/2022 9:00,29.652,742.7
1042,8/26/2022 9:15,29.752,796.5
1043,8/26/2022 9:30,29.752,452.1
1044,8/26/2022 9:45,29.853,129.2
1045,8/26/2022 10:00,29.752,43.1
1046,8/26/2022 10:15,29.652,32.3
1047,8/26/2022 10:30,29.652,75.3
1048,8/26/2022 10:45,29.652,107.6
1049,8/26/2022 11:00,29.652,226
1050,8/26/2022 11:15,29.552,312.2
1051,8/26/2022 11:30,29.552,688.9
1052,8/26/2022 11:45,29.552,1550
1053,8/26/2022 12:00,29.652,2583.4
1054,8/26/2022 12:15,29.652,2325
1055,8/26/2022 12:30,29.652,1550
1056,8/26/2022 12:45,29.652,1980.6
1057,8/26/2022 13:00,29.652,2238.9
1058,8/26/2022 13:15,29.752,4477.8
1059,8/26/2022 13:30,29.853,3961.1
1060,8/26/2022 13:45,29.953,1636.1
1061,8/26/2022 14:00,29.953,1001
1062,8/26/2022 14:15,29.953,1808.3
1063,8/26/2022 14:30,30.054,1636.1
1064,8/26/2022 14:45,29.953,1324
1065,8/26/2022 15:00,29.953,1463.9
1066,8/26/2022 15:15,29.853,979.5
1067,8/26/2022 15:30,29.853,807.3
1068,8/26/2022 15:45,29.752,785.8
1069,8/26/2022 16:00,29.752,839.6
1070,8/26/2022 16:15,29.752,936.5
1071,8/26/2022 16:30,29.752,1065.6
1072,8/26/2022 16:45,29.752,667.4
1073,8/26/2022 17:00,29.652,409
1074,8/26/2022 17:15,29.652,322.9
1075,8/26/2022 17:30,29.652,312.2
1076,8/26/2022 17:45,29.652,247.6
1077,8/26/2022 18:00,29.652,118.4
1078,8/26/2022 18:15,29.552,21.5
1079,8/26/2022 18:30,29.552,0
1080,8/26/2022 18:45,29.452,0
1081,8/26/2022 19:00,29.452,0
1082,8/26/2022 19:15,29.452,0
1083,8/26/2022 19:30,29.352,0
1084,8/26/2022 19:45,29.452,0
1085,8/26/2022 20:00,29.352,0
1086,8/26/2022 20:15,29.352,0
1087,8/26/2022 20:30,29.352,0
1088,8/26/2022 20:45,29.352,0
1089,8/26/2022 21:00,29.352,0
1090,8/26/2022 21:15,29.352,0
1091,8/26/2022 21:30,29.352,0
1092,8/26/2022 21:45,29.452,0
1093,8/26/2022 22:00,29.352,0
1094,8/26/2022 22:15,29.352,0
1095,8/26/2022 22:30,29.452,0
1096,8/26/2022 22:45,29.452,0
1097,8/26/2022 23:00,29.352,0
1098,8/26/2022 23:15,29.352,0
1099,8/26/2022 23:30,29.352,0
1100,8/26/2022 23:45,29.352,0
1101,8/27/2022 0:00,29.352,0
1102,8/27/2022 0:15,29.352,0
1103,8/27/2022 0:30,29.352,0
1104,8/27/2022 0:45,29.352,0
1105,8/27/2022 1:00,29.352,0
1106,8/27/2022 1:15,29.352,0
1107,8/27/2022 1:30,29.252,0
1108,8/27/2022 1:45,29.352,0
1109,8/27/2022 2:00,29.252,0
1110,8/27/2022 2:15,29.252,0
1111,8/27/2022 2:30,29.252,0
1112,8/27/2022 2:45,29.152,0
1113,8/27/2022 3:00,29.152,0
1114,8/27/2022 3:15,29.053,0
1115,8/27/2022 3:30,28.953,0
1116,8/27/2022 3:45,29.053,0
1117,8/27/2022 4:00,29.053,0
1118,8/27/2022 4:15,28.953,0
1119,8/27/2022 4:30,28.953,0
1120,8/27/2022 4:45,28.953,0
1121,8/27/2022 5:00,28.953,0
1122,8/27/2022 5:15,28.953,0
1123,8/27/2022 5:30,28.953,0
1124,8/27/2022 5:45,28.953,0
1125,8/27/2022 6:00,28.853,10.8
1126,8/27/2022 6:15,28.853,53.8
1127,8/27/2022 6:30,28.853,107.6
1128,8/27/2022 6:45,28.853,118.4
1129,8/27/2022 7:00,28.853,107.6
1130,8/27/2022 7:15,28.853,96.9
1131,8/27/2022 7:30,28.853,236.8
1132,8/27/2022 7:45,28.953,462.9
1133,8/27/2022 8:00,29.053,1463.9
1134,8/27/2022 8:15,29.152,1087.2
1135,8/27/2022 8:30,29.152,495.1
1136,8/27/2022 8:45,29.152,764.2
1137,8/27/2022 9:00,29.252,602.8
1138,8/27/2022 9:15,29.252,516.7
1139,8/27/2022 9:30,29.252,452.1
1140,8/27/2022 9:45,29.352,441.3
1141,8/27/2022 10:00,29.352,473.6
1142,8/27/2022 10:15,29.452,538.2
1143,8/27/2022 10:30,29.452,602.8
1144,8/27/2022 10:45,29.552,688.9
1145,8/27/2022 11:00,29.652,785.8
1146,8/27/2022 11:15,29.853,1259.4
1147,8/27/2022 11:30,29.953,1808.3
1148,8/27/2022 11:45,30.154,3788.9
1149,8/27/2022 12:00,30.457,4305.6
1150,8/27/2022 12:15,30.558,4477.8
1151,8/27/2022 12:30,30.76,4822.3
1152,8/27/2022 12:45,30.963,4477.8
1153,8/27/2022 13:00,31.064,5338.9
1154,8/27/2022 13:15,31.166,7233.4
1155,8/27/2022 13:30,31.37,7233.4
1156,8/27/2022 13:45,31.574,13089
1157,8/27/2022 14:00,31.676,9300.1
1158,8/27/2022 14:15,31.676,13089
1159,8/27/2022 14:30,31.574,5166.7
1160,8/27/2022 14:45,31.574,3616.7
1161,8/27/2022 15:00,31.778,7577.8
1162,8/27/2022 15:15,31.676,3272.2
1163,8/27/2022 15:30,31.676,2669.5
1164,8/27/2022 15:45,31.676,2669.5
1165,8/27/2022 16:00,31.574,1377.8
1166,8/27/2022 16:15,31.472,398.3
1167,8/27/2022 16:30,31.37,387.5
1168,8/27/2022 16:45,31.268,409
1169,8/27/2022 17:00,31.166,376.7
1170,8/27/2022 17:15,31.166,355.2
1171,8/27/2022 17:30,31.064,183
1172,8/27/2022 17:45,30.862,139.9
1173,8/27/2022 18:00,30.76,96.9
1174,8/27/2022 18:15,30.659,53.8
1175,8/27/2022 18:30,30.558,0
1176,8/27/2022 18:45,30.457,0
1177,8/27/2022 19:00,30.356,0
1178,8/27/2022 19:15,30.255,0
1179,8/27/2022 19:30,30.255,0
1180,8/27/2022 19:45,30.154,0
1181,8/27/2022 20:00,30.054,0
1182,8/27/2022 20:15,30.054,0
1183,8/27/2022 20:30,29.953,0
1184,8/27/2022 20:45,29.853,0
1185,8/27/2022 21:00,29.853,0
1186,8/27/2022 21:15,29.853,0
1187,8/27/2022 21:30,29.752,0
1188,8/27/2022 21:45,29.652,0
1189,8/27/2022 22:00,29.652,0
1190,8/27/2022 22:15,29.652,0
1191,8/27/2022 22:30,29.552,0
1192,8/27/2022 22:45,29.652,0
1193,8/27/2022 23:00,29.552,0
1194,8/27/2022 23:15,29.552,0
1195,8/27/2022 23:30,29.552,0
1196,8/27/2022 23:45,29.552,0
1197,8/28/2022 0:00,29.552,0
1198,8/28/2022 0:15,29.552,0
1199,8/28/2022 0:30,29.552,0
1200,8/28/2022 0:45,29.652,0
1201,8/28/2022 1:00,29.552,0
1202,8/28/2022 1:15,29.552,0
1203,8/28/2022 1:30,29.552,0
1204,8/28/2022 1:45,29.552,0
1205,8/28/2022 2:00,29.552,0
1206,8/28/2022 2:15,29.552,0
1207,8/28/2022 2:30,29.552,0
1208,8/28/2022 2:45,29.552,0
1209,8/28/2022 3:00,29.552,0
1210,8/28/2022 3:15,29.552,0
1211,8/28/2022 3:30,29.552,0
1212,8/28/2022 3:45,29.452,0
1213,8/28/2022 4:00,29.452,0
1214,8/28/2022 4:15,29.452,0
1215,8/28/2022 4:30,29.452,0
1216,8/28/2022 4:45,29.452,0
1217,8/28/2022 5:00,29.452,0
1218,8/28/2022 5:15,29.352,0
1219,8/28/2022 5:30,29.352,0
1220,8/28/2022 5:45,29.352,0
1221,8/28/2022 6:00,29.352,0
1222,8/28/2022 6:15,29.252,21.5
1223,8/28/2022 6:30,29.252,64.6
1224,8/28/2022 6:45,29.252,64.6
1225,8/28/2022 7:00,29.252,75.3
1226,8/28/2022 7:15,29.252,129.2
1227,8/28/2022 7:30,29.352,150.7
1228,8/28/2022 7:45,29.352,161.5
1229,8/28/2022 8:00,29.452,387.5
1230,8/28/2022 8:15,29.452,322.9
1231,8/28/2022 8:30,29.552,710.4
1232,8/28/2022 8:45,29.552,139.9
1233,8/28/2022 9:00,29.552,226
1234,8/28/2022 9:15,29.552,312.2
1235,8/28/2022 9:30,29.552,861.1
1236,8/28/2022 9:45,29.552,613.5
1237,8/28/2022 10:00,29.552,527.4
1238,8/28/2022 10:15,29.652,925.7
1239,8/28/2022 10:30,29.652,678.1
1240,8/28/2022 10:45,29.752,549
1241,8/28/2022 11:00,29.853,1011.8
1242,8/28/2022 11:15,29.853,1194.8
1243,8/28/2022 11:30,29.953,1054.9
1244,8/28/2022 11:45,30.154,1550
1245,8/28/2022 12:00,30.255,4994.5
1246,8/28/2022 12:15,30.457,3272.2
1247,8/28/2022 12:30,30.558,5511.1
1248,8/28/2022 12:45,30.76,4133.4
1249,8/28/2022 13:00,30.862,4133.4
1250,8/28/2022 13:15,31.064,4822.3
1251,8/28/2022 13:30,31.166,5166.7
1252,8/28/2022 13:45,31.472,9644.5
1253,8/28/2022 14:00,31.472,3100
1254,8/28/2022 14:15,31.778,13777.9
1255,8/28/2022 14:30,31.574,4994.5
1256,8/28/2022 14:45,31.472,613.5
1257,8/28/2022 15:00,31.268,764.2
1258,8/28/2022 15:15,31.166,871.9
1259,8/28/2022 15:30,31.064,850.4
1260,8/28/2022 15:45,30.963,3272.2
1261,8/28/2022 16:00,30.862,1313.2
1262,8/28/2022 16:15,30.862,1227.1
1263,8/28/2022 16:30,30.862,914.9
1264,8/28/2022 16:45,30.862,645.8
1265,8/28/2022 17:00,30.76,161.5
1266,8/28/2022 17:15,30.76,96.9
1267,8/28/2022 17:30,30.659,86.1
1268,8/28/2022 17:45,30.558,96.9
1269,8/28/2022 18:00,30.457,64.6
1270,8/28/2022 18:15,30.356,43.1
1271,8/28/2022 18:30,30.255,0
1272,8/28/2022 18:45,30.154,0
1273,8/28/2022 19:00,30.054,0
1274,8/28/2022 19:15,29.953,0
1275,8/28/2022 19:30,29.953,0
1276,8/28/2022 19:45,29.853,0
1277,8/28/2022 20:00,29.752,0
1278,8/28/2022 20:15,29.752,0
1279,8/28/2022 20:30,29.652,0
1280,8/28/2022 20:45,29.652,0
1281,8/28/2022 21:00,29.552,0
1282,8/28/2022 21:15,29.552,0
1283,8/28/2022 21:30,29.552,0
1284,8/28/2022 21:45,29.552,0
1285,8/28/2022 22:00,29.552,0
1286,8/28/2022 22:15,29.452,0
1287,8/28/2022 22:30,29.452,0
1288,8/28/2022 22:45,29.452,0
1289,8/28/2022 23:00,29.352,0
1290,8/28/2022 23:15,29.452,0
1291,8/28/2022 23:30,29.452,0
1292,8/28/2022 23:45,29.352,0
1293,8/29/2022 0:00,29.352,0
1294,8/29/2022 0:15,29.452,0
1295,8/29/2022 0:30,29.352,0
1296,8/29/2022 0:45,29.452,0
1297,8/29/2022 1:00,29.452,0
1298,8/29/2022 1:15,29.452,0
1299,8/29/2022 1:30,29.352,0
1300,8/29/2022 1:45,29.352,0
1301,8/29/2022 2:00,29.352,0
1302,8/29/2022 2:15,29.352,0
1303,8/29/2022 2:30,29.352,0
1304,8/29/2022 2:45,29.252,0
1305,8/29/2022 3:00,29.252,0
1306,8/29/2022 3:15,29.252,0
1307,8/29/2022 3:30,29.352,0
1308,8/29/2022 3:45,29.252,0
1309,8/29/2022 4:00,29.252,0
1310,8/29/2022 4:15,29.252,0
1311,8/29/2022 4:30,29.252,0
1312,8/29/2022 4:45,29.252,0
1313,8/29/2022 5:00,29.252,0
1314,8/29/2022 5:15,29.252,0
1315,8/29/2022 5:30,29.252,0
1316,8/29/2022 5:45,29.252,0
1317,8/29/2022 6:00,29.252,0
1318,8/29/2022 6:15,29.152,10.8
1319,8/29/2022 6:30,29.152,43.1
1320,8/29/2022 6:45,29.152,53.8
1321,8/29/2022 7:00,29.152,75.3
1322,8/29/2022 7:15,29.152,86.1
1323,8/29/2022 7:30,29.252,96.9
1324,8/29/2022 7:45,29.252,107.6
1325,8/29/2022 8:00,29.252,118.4
1326,8/29/2022 8:15,29.352,139.9
1327,8/29/2022 8:30,29.352,247.6
1328,8/29/2022 8:45,29.452,344.4
1329,8/29/2022 9:00,29.452,139.9
1330,8/29/2022 9:15,29.552,366
1331,8/29/2022 9:30,29.652,430.6
1332,8/29/2022 9:45,29.652,484.4
1333,8/29/2022 10:00,29.752,592
1334,8/29/2022 10:15,29.752,1087.2
1335,8/29/2022 10:30,29.853,1227.1
1336,8/29/2022 10:45,29.953,1463.9
1337,8/29/2022 11:00,30.054,1722.2
1338,8/29/2022 11:15,30.154,1722.2
1339,8/29/2022 11:30,30.255,1980.6
1340,8/29/2022 11:45,30.255,2583.4
1341,8/29/2022 12:00,30.356,3100
1342,8/29/2022 12:15,30.457,2927.8
1343,8/29/2022 12:30,30.558,3100
1344,8/29/2022 12:45,30.76,3100
1345,8/29/2022 13:00,30.76,3272.2
1346,8/29/2022 13:15,30.963,2152.8
1347,8/29/2022 13:30,30.963,2325
1348,8/29/2022 13:45,31.064,1550
1349,8/29/2022 14:00,30.963,1227.1
1350,8/29/2022 14:15,30.963,1280.9
1351,8/29/2022 14:30,30.963,1463.9
1352,8/29/2022 14:45,30.963,1377.8
1353,8/29/2022 15:00,30.862,947.2
1354,8/29/2022 15:15,30.862,1216.3
1355,8/29/2022 15:30,30.862,1636.1
1356,8/29/2022 15:45,30.862,1894.5
1357,8/29/2022 16:00,30.862,1550
1358,8/29/2022 16:15,30.862,721.2
1359,8/29/2022 16:30,30.862,409
1360,8/29/2022 16:45,30.862,796.5
1361,8/29/2022 17:00,30.76,850.4
1362,8/29/2022 17:15,30.76,893.4
1363,8/29/2022 17:30,30.659,570.5
1364,8/29/2022 17:45,30.659,204.5
1365,8/29/2022 18:00,30.558,118.4
1366,8/29/2022 18:15,30.558,21.5
1367,8/29/2022 18:30,30.457,0
1368,8/29/2022 18:45,30.457,0
1369,8/29/2022 19:00,30.356,0
1370,8/29/2022 19:15,30.356,0
1371,8/29/2022 19:30,30.255,0
1372,8/29/2022 19:45,30.255,0
1373,8/29/2022 20:00,30.154,0
1374,8/29/2022 20:15,30.054,0
1375,8/29/2022 20:30,30.054,0
1376,8/29/2022 20:45,29.953,0
1377,8/29/2022 21:00,29.853,0
1378,8/29/2022 21:15,29.853,0
1379,8/29/2022 21:30,29.752,0
1380,8/29/2022 21:45,29.752,0
1381,8/29/2022 22:00,29.652,0
1382,8/29/2022 22:15,29.652,0
1383,8/29/2022 22:30,29.652,0
1384,8/29/2022 22:45,29.552,0
1385,8/29/2022 23:00,29.552,0
1386,8/29/2022 23:15,29.552,0
1387,8/29/2022 23:30,29.552,0
1388,8/29/2022 23:45,29.552,0
1389,8/30/2022 0:00,29.552,0
1390,8/30/2022 0:15,29.552,0
1391,8/30/2022 0:30,29.552,0
1392,8/30/2022 0:45,29.552,0
1393,8/30/2022 1:00,29.452,0
1394,8/30/2022 1:15,29.452,0
1395,8/30/2022 1:30,29.452,0
1396,8/30/2022 1:45,29.352,0
1397,8/30/2022 2:00,29.352,0
1398,8/30/2022 2:15,29.252,0
1399,8/30/2022 2:30,29.252,0
1400,8/30/2022 2:45,29.252,0
1401,8/30/2022 3:00,29.352,0
1402,8/30/2022 3:15,29.352,0
1403,8/30/2022 3:30,29.352,0
1404,8/30/2022 3:45,29.352,0
1405,8/30/2022 4:00,29.352,0
1406,8/30/2022 4:15,29.352,0
1407,8/30/2022 4:30,29.352,0
1408,8/30/2022 4:45,29.352,0
1409,8/30/2022 5:00,29.352,0
1410,8/30/2022 5:15,29.352,0
1411,8/30/2022 5:30,29.352,0
1412,8/30/2022 5:45,29.352,0
1413,8/30/2022 6:00,29.352,0
1414,8/30/2022 6:15,29.352,10.8
1415,8/30/2022 6:30,29.352,21.5
1416,8/30/2022 6:45,29.352,21.5
1417,8/30/2022 7:00,29.352,118.4
1418,8/30/2022 7:15,29.352,172.2
1419,8/30/2022 7:30,29.352,279.9
1420,8/30/2022 7:45,29.352,322.9
1421,8/30/2022 8:00,29.452,419.8
1422,8/30/2022 8:15,29.452,527.4
1423,8/30/2022 8:30,29.452,505.9
1424,8/30/2022 8:45,29.552,753.5
1425,8/30/2022 9:00,29.552,979.5
1426,8/30/2022 9:15,29.652,1097.9
1427,8/30/2022 9:30,29.652,1636.1
1428,8/30/2022 9:45,29.752,1345.5
1429,8/30/2022 10:00,29.752,1463.9
1430,8/30/2022 10:15,29.853,1463.9
1431,8/30/2022 10:30,29.853,1367
1432,8/30/2022 10:45,29.953,1205.6
1433,8/30/2022 11:00,29.953,1248.6
1434,8/30/2022 11:15,30.054,1722.2
1435,8/30/2022 11:30,30.054,1980.6
1436,8/30/2022 11:45,30.255,3100
1437,8/30/2022 12:00,30.356,3616.7
1438,8/30/2022 12:15,30.558,4133.4
1439,8/30/2022 12:30,30.76,3272.2
1440,8/30/2022 12:45,30.862,1980.6
1441,8/30/2022 13:00,30.862,2325
1442,8/30/2022 13:15,30.963,1280.9
1443,8/30/2022 13:30,31.064,1463.9
1444,8/30/2022 13:45,31.064,2066.7
1445,8/30/2022 14:00,31.268,2238.9
1446,8/30/2022 14:15,31.268,3616.7
1447,8/30/2022 14:30,31.472,4305.6
1448,8/30/2022 14:45,31.472,3788.9
1449,8/30/2022 15:00,31.37,2497.2
1450,8/30/2022 15:15,31.37,1980.6
1451,8/30/2022 15:30,31.268,602.8
1452,8/30/2022 15:45,31.268,1722.2
1453,8/30/2022 16:00,31.166,1463.9
1454,8/30/2022 16:15,31.064,721.2
1455,8/30/2022 16:30,31.064,721.2
1456,8/30/2022 16:45,30.963,549
1457,8/30/2022 17:00,30.963,570.5
1458,8/30/2022 17:15,30.963,559.7
1459,8/30/2022 17:30,30.963,387.5
1460,8/30/2022 17:45,30.963,366
1461,8/30/2022 18:00,30.862,172.2
1462,8/30/2022 18:15,30.862,43.1
1463,8/30/2022 18:30,30.76,0
1464,8/30/2022 18:45,30.76,0
1465,8/30/2022 19:00,30.659,0
1466,8/30/2022 19:15,30.659,0
1467,8/30/2022 19:30,30.659,0
1468,8/30/2022 19:45,30.558,0
1469,8/30/2022 20:00,30.558,0
1470,8/30/2022 20:15,30.457,0
1471,8/30/2022 20:30,30.457,0
1472,8/30/2022 20:45,30.457,0
1473,8/30/2022 21:00,30.356,0
1474,8/30/2022 21:15,30.356,0
1475,8/30/2022 21:30,30.255,0
1476,8/30/2022 21:45,30.154,0
1477,8/30/2022 22:00,30.154,0
1478,8/30/2022 22:15,30.054,0
1479,8/30/2022 22:30,30.054,0
1480,8/30/2022 22:45,29.953,0
1481,8/30/2022 23:00,29.953,0
1482,8/30/2022 23:15,29.853,0
1483,8/30/2022 23:30,29.752,0
1484,8/30/2022 23:45,29.752,0
1485,8/31/2022 0:00,29.652,0
1486,8/31/2022 0:15,29.552,0
1487,8/31/2022 0:30,29.452,0
1488,8/31/2022 0:45,29.452,0
1489,8/31/2022 1:00,29.452,0
1490,8/31/2022 1:15,29.452,0
1491,8/31/2022 1:30,29.452,0
1492,8/31/2022 1:45,29.452,0
1493,8/31/2022 2:00,29.352,0
1494,8/31/2022 2:15,29.352,0
1495,8/31/2022 2:30,29.352,0
1496,8/31/2022 2:45,29.352,0
1497,8/31/2022 3:00,29.352,0
1498,8/31/2022 3:15,29.352,0
1499,8/31/2022 3:30,29.352,0
1500,8/31/2022 3:45,29.352,0
1501,8/31/2022 4:00,29.352,0
1502,8/31/2022 4:15,29.352,0
1503,8/31/2022 4:30,29.352,0
1504,8/31/2022 4:45,29.352,0
1505,8/31/2022 5:00,29.252,0
1506,8/31/2022 5:15,29.252,0
1507,8/31/2022 5:30,29.152,0
1508,8/31/2022 5:45,29.152,0
1509,8/31/2022 6:00,29.152,0
1510,8/31/2022 6:15,29.152,0
1511,8/31/2022 6:30,29.152,21.5
1512,8/31/2022 6:45,29.152,96.9
1513,8/31/2022 7:00,29.252,75.3
1514,8/31/2022 7:15,29.252,236.8
1515,8/31/2022 7:30,29.252,893.4
1516,8/31/2022 7:45,29.152,645.8
1517,8/31/2022 8:00,29.053,495.1
1518,8/31/2022 8:15,29.053,366
1519,8/31/2022 8:30,28.953,366
1520,8/31/2022 8:45,28.953,473.6
1521,8/31/2022 9:00,28.953,376.7
1522,8/31/2022 9:15,29.053,409
1523,8/31/2022 9:30,29.053,473.6
1524,8/31/2022 9:45,29.053,570.5
1525,8/31/2022 10:00,29.053,118.4
1526,8/31/2022 10:15,29.152,150.7
1527,8/31/2022 10:30,29.152,247.6
1528,8/31/2022 10:45,29.252,376.7
1529,8/31/2022 11:00,29.252,495.1
1530,8/31/2022 11:15,29.252,570.5
1531,8/31/2022 11:30,29.252,645.8
1532,8/31/2022 11:45,29.352,850.4
1533,8/31/2022 12:00,29.352,968.8
1534,8/31/2022 12:15,29.352,1033.3
1535,8/31/2022 12:30,29.452,1227.1
1536,8/31/2022 12:45,29.452,1162.5
1537,8/31/2022 13:00,29.452,1280.9
1538,8/31/2022 13:15,29.452,1227.1
1539,8/31/2022 13:30,29.452,1205.6
1540,8/31/2022 13:45,29.552,1216.3
1541,8/31/2022 14:00,29.552,1291.7
1542,8/31/2022 14:15,29.552,1367
1543,8/31/2022 14:30,29.552,1270.1
1544,8/31/2022 14:45,29.652,1334.7
1545,8/31/2022 15:00,29.652,1463.9
1546,8/31/2022 15:15,29.652,1291.7
1547,8/31/2022 15:30,29.652,1076.4
1548,8/31/2022 15:45,29.652,613.5
1549,8/31/2022 16:00,29.652,549
1550,8/31/2022 16:15,29.652,581.3
1551,8/31/2022 16:30,29.652,549
1552,8/31/2022 16:45,29.552,731.9
1553,8/31/2022 17:00,29.552,635.1
1554,8/31/2022 17:15,29.552,936.5
1555,8/31/2022 17:30,29.552,602.8
1556,8/31/2022 17:45,29.452,484.4
1557,8/31/2022 18:00,29.452,193.8
1558,8/31/2022 18:15,29.452,53.8
1559,8/31/2022 18:30,29.352,0
1560,8/31/2022 18:45,29.352,0
1561,8/31/2022 19:00,29.252,0
1562,8/31/2022 19:15,29.252,0
1563,8/31/2022 19:30,29.252,0
1564,8/31/2022 19:45,29.352,0
1565,8/31/2022 20:00,29.352,0
1566,8/31/2022 20:15,29.452,0
1567,8/31/2022 20:30,29.452,0
1568,8/31/2022 20:45,29.452,0
1569,8/31/2022 21:00,29.352,0
1570,8/31/2022 21:15,29.352,0
1571,8/31/2022 21:30,29.452,0
1572,8/31/2022 21:45,29.352,0
1573,8/31/2022 22:00,29.252,0
1574,8/31/2022 22:15,29.352,0
1575,8/31/2022 22:30,29.352,0
1576,8/31/2022 22:45,29.452,0
1577,8/31/2022 23:00,29.452,0
1578,8/31/2022 23:15,29.452,0
1579,8/31/2022 23:30,29.452,0
1580,8/31/2022 23:45,29.452,0
1581,9/1/2022 0:00,29.352,0
1582,9/1/2022 0:15,29.352,0
1583,9/1/2022 0:30,29.252,0
1584,9/1/2022 0:45,29.252,0
1585,9/1/2022 1:00,29.352,0
1586,9/1/2022 1:15,29.352,0
1587,9/1/2022 1:30,29.252,0
1588,9/1/2022 1:45,29.152,0
1589,9/1/2022 2:00,29.053,0
1590,9/1/2022 2:15,28.953,0
1591,9/1/2022 2:30,28.953,0
1592,9/1/2022 2:45,28.953,0
1593,9/1/2022 3:00,29.053,0
1594,9/1/2022 3:15,29.053,0
1595,9/1/2022 3:30,28.953,0
1596,9/1/2022 3:45,28.953,0
1597,9/1/2022 4:00,28.953,0
1598,9/1/2022 4:15,28.853,0
1599,9/1/2022 4:30,28.754,0
1600,9/1/2022 4:45,28.655,0
1601,9/1/2022 5:00,28.655,0
1602,9/1/2022 5:15,28.555,0
1603,9/1/2022 5:30,28.555,0
1604,9/1/2022 5:45,28.456,0
1605,9/1/2022 6:00,28.456,0
1606,9/1/2022 6:15,28.357,21.5
1607,9/1/2022 6:30,28.357,43.1
1608,9/1/2022 6:45,28.258,53.8
1609,9/1/2022 7:00,28.258,86.1
1610,9/1/2022 7:15,28.258,75.3
1611,9/1/2022 7:30,28.357,86.1
1612,9/1/2022 7:45,28.357,107.6
1613,9/1/2022 8:00,28.456,96.9
1614,9/1/2022 8:15,28.555,96.9
1615,9/1/2022 8:30,28.655,172.2
1616,9/1/2022 8:45,28.754,172.2
1617,9/1/2022 9:00,28.754,376.7
1618,9/1/2022 9:15,28.853,742.7
1619,9/1/2022 9:30,28.853,1108.7
1620,9/1/2022 9:45,28.953,1313.2
1621,9/1/2022 10:00,29.053,656.6
1622,9/1/2022 10:15,29.152,441.3
1623,9/1/2022 10:30,29.152,581.3
1624,9/1/2022 10:45,29.152,742.7
1625,9/1/2022 11:00,29.252,581.3
1626,9/1/2022 11:15,29.252,1033.3
1627,9/1/2022 11:30,29.452,1636.1
1628,9/1/2022 11:45,29.552,2669.5
1629,9/1/2022 12:00,29.752,2755.6
1630,9/1/2022 12:15,29.953,2927.8
1631,9/1/2022 12:30,30.054,3444.5
1632,9/1/2022 12:45,30.154,828.8
1633,9/1/2022 13:00,30.154,613.5
1634,9/1/2022 13:15,30.255,2066.7
1635,9/1/2022 13:30,30.356,1980.6
1636,9/1/2022 13:45,30.356,1463.9
1637,9/1/2022 14:00,30.356,1808.3
1638,9/1/2022 14:15,30.457,2238.9
1639,9/1/2022 14:30,30.457,1980.6
1640,9/1/2022 14:45,30.558,1894.5
1641,9/1/2022 15:00,30.558,462.9
1642,9/1/2022 15:15,30.558,731.9
1643,9/1/2022 15:30,30.457,688.9
1644,9/1/2022 15:45,30.457,387.5
1645,9/1/2022 16:00,30.457,516.7
1646,9/1/2022 16:15,30.457,785.8
1647,9/1/2022 16:30,30.457,1097.9
1648,9/1/2022 16:45,30.356,1141
1649,9/1/2022 17:00,30.356,958
1650,9/1/2022 17:15,30.356,1141
1651,9/1/2022 17:30,30.356,968.8
1652,9/1/2022 17:45,30.255,301.4
1653,9/1/2022 18:00,30.255,172.2
1654,9/1/2022 18:15,30.154,64.6
1655,9/1/2022 18:30,30.154,0
1656,9/1/2022 18:45,30.054,0
1657,9/1/2022 19:00,29.953,0
1658,9/1/2022 19:15,29.853,0
1659,9/1/2022 19:30,29.853,0
1660,9/1/2022 19:45,29.752,0
1661,9/1/2022 20:00,29.652,0
1662,9/1/2022 20:15,29.652,0
1663,9/1/2022 20:30,29.552,0
1664,9/1/2022 20:45,29.552,0
1665,9/1/2022 21:00,29.452,0
1666,9/1/2022 21:15,29.452,0
1667,9/1/2022 21:30,29.452,0
1668,9/1/2022 21:45,29.452,0
1669,9/1/2022 22:00,29.352,0
1670,9/1/2022 22:15,29.352,0
1671,9/1/2022 22:30,29.352,0
1672,9/1/2022 22:45,29.352,0
1673,9/1/2022 23:00,29.352,0
1674,9/1/2022 23:15,29.352,0
1675,9/1/2022 23:30,29.252,0
1676,9/1/2022 23:45,29.252,0
1677,9/2/2022 0:00,29.252,0
1678,9/2/2022 0:15,29.252,0
1679,9/2/2022 0:30,29.252,0
1680,9/2/2022 0:45,29.252,0
1681,9/2/2022 1:00,29.252,0
1682,9/2/2022 1:15,29.252,0
1683,9/2/2022 1:30,29.252,0
1684,9/2/2022 1:45,29.152,0
1685,9/2/2022 2:00,29.152,0
1686,9/2/2022 2:15,29.152,0
1687,9/2/2022 2:30,29.152,0
1688,9/2/2022 2:45,29.152,0
1689,9/2/2022 3:00,29.152,0
1690,9/2/2022 3:15,29.152,0
1691,9/2/2022 3:30,29.152,0
1692,9/2/2022 3:45,29.152,0
1693,9/2/2022 4:00,29.152,0
1694,9/2/2022 4:15,29.053,0
1695,9/2/2022 4:30,29.053,0
1696,9/2/2022 4:45,28.953,0
1697,9/2/2022 5:00,28.953,0
1698,9/2/2022 5:15,28.953,0
1699,9/2/2022 5:30,28.953,0
1700,9/2/2022 5:45,28.953,0
1701,9/2/2022 6:00,28.853,0
1702,9/2/2022 6:15,28.853,43.1
1703,9/2/2022 6:30,28.953,75.3
1704,9/2/2022 6:45,28.953,96.9
1705,9/2/2022 7:00,28.953,118.4
1706,9/2/2022 7:15,28.953,129.2
1707,9/2/2022 7:30,28.953,150.7
1708,9/2/2022 7:45,29.053,183
1709,9/2/2022 8:00,29.053,236.8
1710,9/2/2022 8:15,29.152,366
1711,9/2/2022 8:30,29.252,333.7
1712,9/2/2022 8:45,29.252,312.2
1713,9/2/2022 9:00,29.352,376.7
1714,9/2/2022 9:15,29.452,473.6
1715,9/2/2022 9:30,29.452,538.2
1716,9/2/2022 9:45,29.552,602.8
1717,9/2/2022 10:00,29.552,688.9
1718,9/2/2022 10:15,29.552,505.9
1719,9/2/2022 10:30,29.652,602.8
1720,9/2/2022 10:45,29.652,742.7
1721,9/2/2022 11:00,29.752,850.4
1722,9/2/2022 11:15,29.853,1076.4
1723,9/2/2022 11:30,29.953,1345.5
1724,9/2/2022 11:45,30.054,1722.2
1725,9/2/2022 12:00,30.255,1808.3
1726,9/2/2022 12:15,30.356,2325
1727,9/2/2022 12:30,30.457,2066.7
1728,9/2/2022 12:45,30.659,1894.5
1729,9/2/2022 13:00,30.76,1980.6
1730,9/2/2022 13:15,30.862,2927.8
1731,9/2/2022 13:30,30.963,2755.6
1732,9/2/2022 13:45,31.064,2669.5
1733,9/2/2022 14:00,31.166,2583.4
1734,9/2/2022 14:15,31.268,2238.9
1735,9/2/2022 14:30,31.268,2066.7
1736,9/2/2022 14:45,31.37,2152.8
1737,9/2/2022 15:00,31.37,2669.5
1738,9/2/2022 15:15,31.268,2238.9
1739,9/2/2022 15:30,31.268,2583.4
1740,9/2/2022 15:45,31.268,2152.8
1741,9/2/2022 16:00,31.166,1334.7
1742,9/2/2022 16:15,31.064,958
1743,9/2/2022 16:30,31.064,505.9
1744,9/2/2022 16:45,31.166,947.2
1745,9/2/2022 17:00,31.166,1011.8
1746,9/2/2022 17:15,31.166,279.9
1747,9/2/2022 17:30,31.064,441.3
1748,9/2/2022 17:45,30.963,247.6
1749,9/2/2022 18:00,30.963,86.1
1750,9/2/2022 18:15,30.862,43.1
1751,9/2/2022 18:30,30.862,0
1752,9/2/2022 18:45,30.862,0
1753,9/2/2022 19:00,30.862,0
1754,9/2/2022 19:15,30.76,0
1755,9/2/2022 19:30,30.76,0
1756,9/2/2022 19:45,30.659,0
1757,9/2/2022 20:00,30.659,0
1758,9/2/2022 20:15,30.558,0
1759,9/2/2022 20:30,30.558,0
1760,9/2/2022 20:45,30.457,0
1761,9/2/2022 21:00,30.457,0
1762,9/2/2022 21:15,30.457,0
1763,9/2/2022 21:30,30.356,0
1764,9/2/2022 21:45,30.356,0
1765,9/2/2022 22:00,30.356,0
1766,9/2/2022 22:15,30.255,0
1767,9/2/2022 22:30,30.154,0
1768,9/2/2022 22:45,30.154,0
1769,9/2/2022 23:00,30.154,0
1770,9/2/2022 23:15,30.054,0
1771,9/2/2022 23:30,30.054,0
1772,9/2/2022 23:45,30.054,0
1773,9/3/2022 0:00,30.054,0
1774,9/3/2022 0:15,29.953,0
1775,9/3/2022 0:30,29.953,0
1776,9/3/2022 0:45,29.953,0
1777,9/3/2022 1:00,29.853,0
1778,9/3/2022 1:15,29.853,0
1779,9/3/2022 1:30,29.853,0
1780,9/3/2022 1:45,29.752,0
1781,9/3/2022 2:00,29.752,0
1782,9/3/2022 2:15,29.752,0
1783,9/3/2022 2:30,29.752,0
1784,9/3/2022 2:45,29.752,0
1785,9/3/2022 3:00,29.652,0
1786,9/3/2022 3:15,29.652,0
1787,9/3/2022 3:30,29.652,0
1788,9/3/2022 3:45,29.652,0
1789,9/3/2022 4:00,29.652,0
1790,9/3/2022 4:15,29.652,0
1791,9/3/2022 4:30,29.652,0
1792,9/3/2022 4:45,29.652,0
1793,9/3/2022 5:00,29.652,0
1794,9/3/2022 5:15,29.552,0
1795,9/3/2022 5:30,29.552,0
1796,9/3/2022 5:45,29.552,0
1797,9/3/2022 6:00,29.552,0
1798,9/3/2022 6:15,29.552,21.5
1799,9/3/2022 6:30,29.552,64.6
1800,9/3/2022 6:45,29.552,96.9
1801,9/3/2022 7:00,29.552,279.9
1802,9/3/2022 7:15,29.552,107.6
1803,9/3/2022 7:30,29.552,96.9
1804,9/3/2022 7:45,29.652,107.6
1805,9/3/2022 8:00,29.652,269.1
1806,9/3/2022 8:15,29.652,161.5
1807,9/3/2022 8:30,29.652,322.9
1808,9/3/2022 8:45,29.652,430.6
1809,9/3/2022 9:00,29.752,322.9
1810,9/3/2022 9:15,29.752,1011.8
1811,9/3/2022 9:30,29.752,721.2
1812,9/3/2022 9:45,29.853,1173.3
1813,9/3/2022 10:00,29.953,484.4
1814,9/3/2022 10:15,29.953,505.9
1815,9/3/2022 10:30,29.953,559.7
1816,9/3/2022 10:45,30.054,645.8
1817,9/3/2022 11:00,30.154,893.4
1818,9/3/2022 11:15,30.154,1151.7
1819,9/3/2022 11:30,30.255,1636.1
1820,9/3/2022 11:45,30.356,2325
1821,9/3/2022 12:00,30.558,2583.4
1822,9/3/2022 12:15,30.659,2497.2
1823,9/3/2022 12:30,30.76,2669.5
1824,9/3/2022 12:45,30.862,2325
1825,9/3/2022 13:00,30.963,2411.1
1826,9/3/2022 13:15,31.064,2497.2
1827,9/3/2022 13:30,31.166,2755.6
1828,9/3/2022 13:45,31.268,2411.1
1829,9/3/2022 14:00,31.37,2238.9
1830,9/3/2022 14:15,31.37,1980.6
1831,9/3/2022 14:30,31.472,1894.5
1832,9/3/2022 14:45,31.37,2066.7
1833,9/3/2022 15:00,31.37,2325
1834,9/3/2022 15:15,31.37,2927.8
1835,9/3/2022 15:30,31.37,2755.6
1836,9/3/2022 15:45,31.268,1194.8
1837,9/3/2022 16:00,31.166,742.7
1838,9/3/2022 16:15,31.166,1636.1
1839,9/3/2022 16:30,31.268,1227.1
1840,9/3/2022 16:45,31.268,1550
1841,9/3/2022 17:00,31.268,1636.1
1842,9/3/2022 17:15,31.268,279.9
1843,9/3/2022 17:30,31.166,53.8
1844,9/3/2022 17:45,31.166,32.3
1845,9/3/2022 18:00,31.064,21.5
1846,9/3/2022 18:15,31.064,10.8
1847,9/3/2022 18:30,30.963,0
1848,9/3/2022 18:45,30.76,0
1849,9/3/2022 19:00,30.659,0
1850,9/3/2022 19:15,30.558,0
1851,9/3/2022 19:30,30.457,0
1852,9/3/2022 19:45,30.457,0
1853,9/3/2022 20:00,30.356,0
1854,9/3/2022 20:15,30.255,0
1855,9/3/2022 20:30,30.054,0
1856,9/3/2022 20:45,30.054,0
1857,9/3/2022 21:00,29.953,0
1858,9/3/2022 21:15,29.853,0
1859,9/3/2022 21:30,29.752,0
1860,9/3/2022 21:45,29.752,0
1861,9/3/2022 22:00,29.652,0
1862,9/3/2022 22:15,29.652,0
1863,9/3/2022 22:30,29.552,0
1864,9/3/2022 22:45,29.552,0
1865,9/3/2022 23:00,29.452,0
1866,9/3/2022 23:15,29.452,0
1867,9/3/2022 23:30,29.352,0
1868,9/3/2022 23:45,29.352,0
1869,9/4/2022 0:00,29.252,0
1870,9/4/2022 0:15,29.252,0
1871,9/4/2022 0:30,29.152,0
1872,9/4/2022 0:45,29.152,0
1873,9/4/2022 1:00,29.152,0
1874,9/4/2022 1:15,29.152,0
1875,9/4/2022 1:30,29.053,0
1876,9/4/2022 1:45,29.053,0
1877,9/4/2022 2:00,29.053,0
1878,9/4/2022 2:15,29.152,0
1879,9/4/2022 2:30,29.152,0
1880,9/4/2022 2:45,29.152,0
1881,9/4/2022 3:00,29.152,0
1882,9/4/2022 3:15,29.152,0
1883,9/4/2022 3:30,29.252,0
1884,9/4/2022 3:45,29.252,0
1885,9/4/2022 4:00,29.252,0
1886,9/4/2022 4:15,29.252,0
1887,9/4/2022 4:30,29.252,0
1888,9/4/2022 4:45,29.252,0
1889,9/4/2022 5:00,29.252,0
1890,9/4/2022 5:15,29.252,0
1891,9/4/2022 5:30,29.252,0
1892,9/4/2022 5:45,29.252,0
1893,9/4/2022 6:00,29.252,0
1894,9/4/2022 6:15,29.152,21.5
1895,9/4/2022 6:30,29.152,43.1
1896,9/4/2022 6:45,29.152,64.6
1897,9/4/2022 7:00,29.152,75.3
1898,9/4/2022 7:15,29.152,86.1
1899,9/4/2022 7:30,29.152,96.9
1900,9/4/2022 7:45,29.252,118.4
1901,9/4/2022 8:00,29.252,139.9
1902,9/4/2022 8:15,29.352,150.7
1903,9/4/2022 8:30,29.352,183
1904,9/4/2022 8:45,29.452,204.5
1905,9/4/2022 9:00,29.552,258.3
1906,9/4/2022 9:15,29.552,333.7
1907,9/4/2022 9:30,29.552,376.7
1908,9/4/2022 9:45,29.652,409
1909,9/4/2022 10:00,29.652,430.6
1910,9/4/2022 10:15,29.752,462.9
1911,9/4/2022 10:30,29.853,538.2
1912,9/4/2022 10:45,29.853,624.3
1913,9/4/2022 11:00,29.953,807.3
1914,9/4/2022 11:15,30.054,1097.9
1915,9/4/2022 11:30,30.154,1636.1
1916,9/4/2022 11:45,30.255,2238.9
1917,9/4/2022 12:00,30.457,2497.2
1918,9/4/2022 12:15,30.558,2583.4
1919,9/4/2022 12:30,30.76,2583.4
1920,9/4/2022 12:45,30.862,2583.4
1921,9/4/2022 13:00,30.963,2583.4
1922,9/4/2022 13:15,31.064,2497.2
1923,9/4/2022 13:30,31.37,12400.1
1924,9/4/2022 13:45,31.778,12400.1
1925,9/4/2022 14:00,31.676,2411.1
1926,9/4/2022 14:15,31.574,2325
1927,9/4/2022 14:30,31.472,2238.9
1928,9/4/2022 14:45,31.472,2325
1929,9/4/2022 15:00,31.472,3100
1930,9/4/2022 15:15,31.37,1808.3
1931,9/4/2022 15:30,31.37,3100
1932,9/4/2022 15:45,31.37,2152.8
1933,9/4/2022 16:00,31.268,1463.9
1934,9/4/2022 16:15,31.268,1377.8
1935,9/4/2022 16:30,31.268,968.8
1936,9/4/2022 16:45,31.166,204.5
1937,9/4/2022 17:00,31.166,1550
1938,9/4/2022 17:15,31.064,258.3
1939,9/4/2022 17:30,31.064,172.2
1940,9/4/2022 17:45,30.963,129.2
1941,9/4/2022 18:00,30.963,96.9
1942,9/4/2022 18:15,30.963,32.3
1943,9/4/2022 18:30,30.862,0
1944,9/4/2022 18:45,30.862,0
1945,9/4/2022 19:00,30.862,0
1946,9/4/2022 19:15,30.76,0
1947,9/4/2022 19:30,30.76,0
1948,9/4/2022 19:45,30.659,0
1949,9/4/2022 20:00,30.659,0
1950,9/4/2022 20:15,30.558,0
1951,9/4/2022 20:30,30.558,0
1952,9/4/2022 20:45,30.558,0
1953,9/4/2022 21:00,30.457,0
1954,9/4/2022 21:15,30.457,0
1955,9/4/2022 21:30,30.356,0
1956,9/4/2022 21:45,30.356,0
1957,9/4/2022 22:00,30.356,0
1958,9/4/2022 22:15,30.255,0
1959,9/4/2022 22:30,30.255,0
1960,9/4/2022 22:45,30.255,0
1961,9/4/2022 23:00,30.154,0
1962,9/4/2022 23:15,30.154,0
1963,9/4/2022 23:30,30.154,0
1964,9/4/2022 23:45,30.054,0
1965,9/5/2022 0:00,30.054,0
1966,9/5/2022 0:15,29.953,0
1967,9/5/2022 0:30,29.853,0
1968,9/5/2022 0:45,29.853,0
1969,9/5/2022 1:00,29.752,0
1970,9/5/2022 1:15,29.752,0
1971,9/5/2022 1:30,29.652,0
1972,9/5/2022 1:45,29.652,0
1973,9/5/2022 2:00,29.652,0
1974,9/5/2022 2:15,29.552,0
1975,9/5/2022 2:30,29.552,0
1976,9/5/2022 2:45,29.552,0
1977,9/5/2022 3:00,29.552,0
1978,9/5/2022 3:15,29.452,0
1979,9/5/2022 3:30,29.452,0
1980,9/5/2022 3:45,29.452,0
1981,9/5/2022 4:00,29.452,0
1982,9/5/2022 4:15,29.452,0
1983,9/5/2022 4:30,29.452,0
1984,9/5/2022 4:45,29.352,0
1985,9/5/2022 5:00,29.352,0
1986,9/5/2022 5:15,29.352,0
1987,9/5/2022 5:30,29.352,0
1988,9/5/2022 5:45,29.352,0
1989,9/5/2022 6:00,29.352,118.4
1990,9/5/2022 6:15,29.352,269.1
1991,9/5/2022 6:30,29.352,366
1992,9/5/2022 6:45,29.352,581.3
1993,9/5/2022 7:00,29.452,688.9
1994,9/5/2022 7:15,29.452,581.3
1995,9/5/2022 7:30,29.452,516.7
1996,9/5/2022 7:45,29.552,1130.2
1997,9/5/2022 8:00,29.552,1463.9
1998,9/5/2022 8:15,29.652,796.5
1999,9/5/2022 8:30,29.652,1033.3
2000,9/5/2022 8:45,29.652,1259.4
2001,9/5/2022 9:00,29.752,1550
2002,9/5/2022 9:15,29.853,2238.9
2003,9/5/2022 9:30,29.853,2497.2
2004,9/5/2022 9:45,29.953,2583.4
2005,9/5/2022 10:00,30.054,2755.6
2006,9/5/2022 10:15,30.054,3100
2007,9/5/2022 10:30,30.154,3616.7
2008,9/5/2022 10:45,30.154,3444.5
2009,9/5/2022 11:00,30.154,871.9
2010,9/5/2022 11:15,30.255,1001
2011,9/5/2022 11:30,30.255,1377.8
2012,9/5/2022 11:45,30.457,1808.3
2013,9/5/2022 12:00,30.558,2411.1
2014,9/5/2022 12:15,30.76,1722.2
2015,9/5/2022 12:30,30.862,2497.2
2016,9/5/2022 12:45,30.963,2497.2
2017,9/5/2022 13:00,31.064,1980.6
2018,9/5/2022 13:15,31.166,2152.8
2019,9/5/2022 13:30,31.166,1894.5
2020,9/5/2022 13:45,31.268,1808.3
2021,9/5/2022 14:00,31.37,1722.2
2022,9/5/2022 14:15,31.472,2411.1
2023,9/5/2022 14:30,31.472,2411.1
2024,9/5/2022 14:45,31.472,2497.2
2025,9/5/2022 15:00,31.574,1808.3
2026,9/5/2022 15:15,31.472,1980.6
2027,9/5/2022 15:30,31.472,2152.8
2028,9/5/2022 15:45,31.472,1808.3
2029,9/5/2022 16:00,31.472,1377.8
2030,9/5/2022 16:15,31.472,861.1
2031,9/5/2022 16:30,31.37,742.7
2032,9/5/2022 16:45,31.37,215.3
2033,9/5/2022 17:00,31.268,731.9
2034,9/5/2022 17:15,31.268,387.5
2035,9/5/2022 17:30,31.268,150.7
2036,9/5/2022 17:45,31.166,86.1
2037,9/5/2022 18:00,31.166,64.6
2038,9/5/2022 18:15,31.064,32.3
2039,9/5/2022 18:30,31.064,0
2040,9/5/2022 18:45,30.963,0
2041,9/5/2022 19:00,30.862,0
2042,9/5/2022 19:15,30.862,0
2043,9/5/2022 19:30,30.76,0
2044,9/5/2022 19:45,30.659,0
2045,9/5/2022 20:00,30.558,0
2046,9/5/2022 20:15,30.457,0
2047,9/5/2022 20:30,30.356,0
2048,9/5/2022 20:45,30.255,0
2049,9/5/2022 21:00,30.154,0
2050,9/5/2022 21:15,30.054,0
2051,9/5/2022 21:30,29.953,0
2052,9/5/2022 21:45,29.953,0
2053,9/5/2022 22:00,29.853,0
2054,9/5/2022 22:15,29.752,0
2055,9/5/2022 22:30,29.752,0
2056,9/5/2022 22:45,29.652,0
2057,9/5/2022 23:00,29.652,0
2058,9/5/2022 23:15,29.652,0
2059,9/5/2022 23:30,29.652,0
2060,9/5/2022 23:45,29.552,0
2061,9/6/2022 0:00,29.552,0
2062,9/6/2022 0:15,29.552,0
2063,9/6/2022 0:30,29.552,0
2064,9/6/2022 0:45,29.452,0
2065,9/6/2022 1:00,29.452,0
2066,9/6/2022 1:15,29.452,0
2067,9/6/2022 1:30,29.452,0
2068,9/6/2022 1:45,29.452,0
2069,9/6/2022 2:00,29.452,0
2070,9/6/2022 2:15,29.452,0
2071,9/6/2022 2:30,29.352,0
2072,9/6/2022 2:45,29.352,0
2073,9/6/2022 3:00,29.252,0
2074,9/6/2022 3:15,29.252,0
2075,9/6/2022 3:30,29.252,0
2076,9/6/2022 3:45,29.252,0
2077,9/6/2022 4:00,29.252,0
2078,9/6/2022 4:15,29.252,0
2079,9/6/2022 4:30,29.252,0
2080,9/6/2022 4:45,29.152,0
2081,9/6/2022 5:00,29.252,0
2082,9/6/2022 5:15,29.252,0
2083,9/6/2022 5:30,29.252,0
2084,9/6/2022 5:45,29.252,0
2085,9/6/2022 6:00,29.152,0
2086,9/6/2022 6:15,29.152,21.5
2087,9/6/2022 6:30,29.152,53.8
2088,9/6/2022 6:45,29.152,53.8
2089,9/6/2022 7:00,29.152,64.6
2090,9/6/2022 7:15,29.252,75.3
2091,9/6/2022 7:30,29.252,86.1
2092,9/6/2022 7:45,29.252,118.4
2093,9/6/2022 8:00,29.352,129.2
2094,9/6/2022 8:15,29.352,139.9
2095,9/6/2022 8:30,29.452,193.8
2096,9/6/2022 8:45,29.452,193.8
2097,9/6/2022 9:00,29.452,398.3
2098,9/6/2022 9:15,29.552,376.7
2099,9/6/2022 9:30,29.552,376.7
2100,9/6/2022 9:45,29.652,419.8
2101,9/6/2022 10:00,29.652,452.1
2102,9/6/2022 10:15,29.752,495.1
2103,9/6/2022 10:30,29.752,559.7
2104,9/6/2022 10:45,29.752,667.4
2105,9/6/2022 11:00,29.853,882.6
2106,9/6/2022 11:15,29.953,1194.8
2107,9/6/2022 11:30,30.054,1722.2
2108,9/6/2022 11:45,30.154,2325
2109,9/6/2022 12:00,30.356,2583.4
2110,9/6/2022 12:15,30.457,2669.5
2111,9/6/2022 12:30,30.558,2669.5
2112,9/6/2022 12:45,30.659,1722.2
2113,9/6/2022 13:00,30.76,1722.2
2114,9/6/2022 13:15,30.862,1636.1
2115,9/6/2022 13:30,30.963,1550
2116,9/6/2022 13:45,31.064,1550
2117,9/6/2022 14:00,31.166,1216.3
2118,9/6/2022 14:15,31.268,1722.2
2119,9/6/2022 14:30,31.37,1722.2
2120,9/6/2022 14:45,31.37,1894.5
2121,9/6/2022 15:00,31.37,1550
2122,9/6/2022 15:15,31.37,1227.1
2123,9/6/2022 15:30,31.268,1087.2
2124,9/6/2022 15:45,31.268,990.3
2125,9/6/2022 16:00,31.268,861.1
2126,9/6/2022 16:15,31.268,731.9
2127,9/6/2022 16:30,31.166,775
2128,9/6/2022 16:45,31.166,721.2
2129,9/6/2022 17:00,31.268,2325
2130,9/6/2022 17:15,31.166,462.9
2131,9/6/2022 17:30,31.166,129.2
2132,9/6/2022 17:45,31.064,226
2133,9/6/2022 18:00,31.064,53.8
2134,9/6/2022 18:15,31.064,21.5
2135,9/6/2022 18:30,31.064,0
2136,9/6/2022 18:45,30.963,0
2137,9/6/2022 19:00,30.963,0
2138,9/6/2022 19:15,30.862,0
2139,9/6/2022 19:30,30.862,0
2140,9/6/2022 19:45,30.76,0
2141,9/6/2022 20:00,30.76,0
2142,9/6/2022 20:15,30.659,0
2143,9/6/2022 20:30,30.659,0
2144,9/6/2022 20:45,30.558,0
2145,9/6/2022 21:00,30.558,0
2146,9/6/2022 21:15,30.457,0
2147,9/6/2022 21:30,30.457,0
2148,9/6/2022 21:45,30.457,0
2149,9/6/2022 22:00,30.356,0
2150,9/6/2022 22:15,30.356,0
2151,9/6/2022 22:30,30.356,0
2152,9/6/2022 22:45,30.356,0
2153,9/6/2022 23:00,30.356,0
2154,9/6/2022 23:15,30.356,0
2155,9/6/2022 23:30,30.356,0
2156,9/6/2022 23:45,30.356,0
2157,9/7/2022 0:00,30.356,0
2158,9/7/2022 0:15,30.255,0
2159,9/7/2022 0:30,30.255,0
2160,9/7/2022 0:45,30.255,0
2161,9/7/2022 1:00,30.255,0
2162,9/7/2022 1:15,30.255,0
2163,9/7/2022 1:30,30.255,0
2164,9/7/2022 1:45,30.154,0
2165,9/7/2022 2:00,30.154,0
2166,9/7/2022 2:15,30.154,0
2167,9/7/2022 2:30,30.154,0
2168,9/7/2022 2:45,30.154,0
2169,9/7/2022 3:00,30.154,0
2170,9/7/2022 3:15,30.154,0
2171,9/7/2022 3:30,30.154,0
2172,9/7/2022 3:45,30.054,0
2173,9/7/2022 4:00,30.054,0
2174,9/7/2022 4:15,30.054,0
2175,9/7/2022 4:30,30.054,0
2176,9/7/2022 4:45,30.054,0
2177,9/7/2022 5:00,30.054,0
2178,9/7/2022 5:15,30.054,0
2179,9/7/2022 5:30,30.054,0
2180,9/7/2022 5:45,29.953,0
2181,9/7/2022 6:00,29.953,0
2182,9/7/2022 6:15,29.953,32.3
2183,9/7/2022 6:30,29.953,107.6
2184,9/7/2022 6:45,29.953,129.2
2185,9/7/2022 7:00,29.953,172.2
2186,9/7/2022 7:15,30.054,161.5
2187,9/7/2022 7:30,30.054,183
2188,9/7/2022 7:45,30.054,193.8
2189,9/7/2022 8:00,30.054,193.8
2190,9/7/2022 8:15,30.054,193.8
2191,9/7/2022 8:30,30.054,226
2192,9/7/2022 8:45,30.054,226
2193,9/7/2022 9:00,30.054,290.6
2194,9/7/2022 9:15,30.054,452.1
2195,9/7/2022 9:30,30.154,742.7
2196,9/7/2022 9:45,30.154,549
2197,9/7/2022 10:00,30.255,753.5
2198,9/7/2022 10:15,30.255,1130.2
2199,9/7/2022 10:30,30.356,678.1
2200,9/7/2022 10:45,30.356,796.5
2201,9/7/2022 11:00,30.457,1001
2202,9/7/2022 11:15,30.558,1356.3
2203,9/7/2022 11:30,30.659,1808.3
2204,9/7/2022 11:45,30.76,1248.6
2205,9/7/2022 12:00,30.963,3272.2
2206,9/7/2022 12:15,31.064,2755.6
2207,9/7/2022 12:30,31.166,1151.7
2208,9/7/2022 12:45,31.268,4133.4
2209,9/7/2022 13:00,31.268,2927.8
2210,9/7/2022 13:15,31.472,3272.2
2211,9/7/2022 13:30,31.472,3100
2212,9/7/2022 13:45,31.574,2755.6
2213,9/7/2022 14:00,31.676,2669.5
2214,9/7/2022 14:15,31.676,2927.8
2215,9/7/2022 14:30,31.676,2152.8
2216,9/7/2022 14:45,31.676,2927.8
2217,9/7/2022 15:00,31.676,2755.6
2218,9/7/2022 15:15,31.676,1151.7
2219,9/7/2022 15:30,31.676,2497.2
2220,9/7/2022 15:45,31.574,1894.5
2221,9/7/2022 16:00,31.574,1119.5
2222,9/7/2022 16:15,31.574,1162.5
2223,9/7/2022 16:30,31.574,1259.4
2224,9/7/2022 16:45,31.472,1076.4
2225,9/7/2022 17:00,31.472,1216.3
2226,9/7/2022 17:15,31.472,667.4
2227,9/7/2022 17:30,31.37,516.7
2228,9/7/2022 17:45,31.268,322.9
2229,9/7/2022 18:00,31.166,86.1
2230,9/7/2022 18:15,31.064,21.5
2231,9/7/2022 18:30,31.064,0
2232,9/7/2022 18:45,31.064,0
2233,9/7/2022 19:00,30.963,0
2234,9/7/2022 19:15,30.963,0
2235,9/7/2022 19:30,30.963,0
2236,9/7/2022 19:45,30.862,0
2237,9/7/2022 20:00,30.862,0
2238,9/7/2022 20:15,30.862,0
2239,9/7/2022 20:30,30.76,0
2240,9/7/2022 20:45,30.76,0
2241,9/7/2022 21:00,30.76,0
2242,9/7/2022 21:15,30.76,0
2243,9/7/2022 21:30,30.659,0
2244,9/7/2022 21:45,30.659,0
2245,9/7/2022 22:00,30.558,0
2246,9/7/2022 22:15,30.457,0
2247,9/7/2022 22:30,30.457,0
2248,9/7/2022 22:45,30.356,0
2249,9/7/2022 23:00,30.255,0
2250,9/7/2022 23:15,30.154,0
2251,9/7/2022 23:30,30.154,0
2252,9/7/2022 23:45,30.054,0
2253,9/8/2022 0:00,30.054,0
2254,9/8/2022 0:15,30.054,0
2255,9/8/2022 0:30,29.953,0
2256,9/8/2022 0:45,29.953,0
2257,9/8/2022 1:00,29.953,0
2258,9/8/2022 1:15,29.953,0
2259,9/8/2022 1:30,30.054,0
2260,9/8/2022 1:45,30.054,0
2261,9/8/2022 2:00,30.054,0
2262,9/8/2022 2:15,30.054,0
2263,9/8/2022 2:30,30.054,0
2264,9/8/2022 2:45,30.054,0
2265,9/8/2022 3:00,30.054,0
2266,9/8/2022 3:15,30.054,0
2267,9/8/2022 3:30,30.054,0
2268,9/8/2022 3:45,30.054,0
2269,9/8/2022 4:00,30.054,0
2270,9/8/2022 4:15,30.054,0
2271,9/8/2022 4:30,30.054,0
2272,9/8/2022 4:45,30.054,0
2273,9/8/2022 5:00,29.953,0
2274,9/8/2022 5:15,29.953,0
2275,9/8/2022 5:30,29.953,0
2276,9/8/2022 5:45,29.953,0
2277,9/8/2022 6:00,29.953,0
2278,9/8/2022 6:15,29.953,21.5
2279,9/8/2022 6:30,29.953,64.6
2280,9/8/2022 6:45,29.953,236.8
2281,9/8/2022 7:00,29.953,150.7
2282,9/8/2022 7:15,29.953,301.4
2283,9/8/2022 7:30,29.953,484.4
2284,9/8/2022 7:45,29.953,344.4
2285,9/8/2022 8:00,29.953,602.8
2286,9/8/2022 8:15,29.953,322.9
2287,9/8/2022 8:30,29.953,678.1
2288,9/8/2022 8:45,30.054,818.1
2289,9/8/2022 9:00,30.054,731.9
2290,9/8/2022 9:15,30.054,1044.1
2291,9/8/2022 9:30,30.154,1377.8
2292,9/8/2022 9:45,30.154,1377.8
2293,9/8/2022 10:00,30.255,1334.7
2294,9/8/2022 10:15,30.255,1334.7
2295,9/8/2022 10:30,30.356,2066.7
2296,9/8/2022 10:45,30.356,2066.7
2297,9/8/2022 11:00,30.457,2325
2298,9/8/2022 11:15,30.558,2066.7
2299,9/8/2022 11:30,30.558,1980.6
2300,9/8/2022 11:45,30.659,2927.8
2301,9/8/2022 12:00,30.76,2755.6
2302,9/8/2022 12:15,30.963,2927.8
2303,9/8/2022 12:30,31.064,4305.6
2304,9/8/2022 12:45,31.166,2755.6
2305,9/8/2022 13:00,31.268,2497.2
2306,9/8/2022 13:15,31.268,1463.9
2307,9/8/2022 13:30,31.472,3100
2308,9/8/2022 13:45,31.574,3100
2309,9/8/2022 14:00,31.676,3444.5
2310,9/8/2022 14:15,31.676,2927.8
2311,9/8/2022 14:30,31.676,2583.4
2312,9/8/2022 14:45,31.574,2669.5
2313,9/8/2022 15:00,31.574,2238.9
2314,9/8/2022 15:15,31.574,2238.9
2315,9/8/2022 15:30,31.574,1722.2
2316,9/8/2022 15:45,31.472,990.3
2317,9/8/2022 16:00,31.37,936.5
2318,9/8/2022 16:15,31.37,667.4
2319,9/8/2022 16:30,31.268,1151.7
2320,9/8/2022 16:45,31.268,1237.9
2321,9/8/2022 17:00,31.268,624.3
2322,9/8/2022 17:15,31.166,549
2323,9/8/2022 17:30,31.166,452.1
2324,9/8/2022 17:45,31.064,215.3
2325,9/8/2022 18:00,31.064,172.2
2326,9/8/2022 18:15,30.963,32.3
2327,9/8/2022 18:30,30.862,0
2328,9/8/2022 18:45,30.862,0
2329,9/8/2022 19:00,30.76,0
2330,9/8/2022 19:15,30.659,0
2331,9/8/2022 19:30,30.659,0
2332,9/8/2022 19:45,30.558,0
2333,9/8/2022 20:00,30.457,0
2334,9/8/2022 20:15,30.356,0
2335,9/8/2022 20:30,30.356,0
2336,9/8/2022 20:45,30.255,0
2337,9/8/2022 21:00,30.154,0
2338,9/8/2022 21:15,30.154,0
2339,9/8/2022 21:30,30.054,0
2340,9/8/2022 21:45,30.054,0
2341,9/8/2022 22:00,29.953,0
2342,9/8/2022 22:15,29.953,0
2343,9/8/2022 22:30,29.953,0
2344,9/8/2022 22:45,29.853,0
2345,9/8/2022 23:00,29.853,0
2346,9/8/2022 23:15,29.752,0
2347,9/8/2022 23:30,29.752,0
2348,9/8/2022 23:45,29.853,0
2349,9/9/2022 0:00,29.752,0
2350,9/9/2022 0:15,29.652,0
2351,9/9/2022 0:30,29.652,0
2352,9/9/2022 0:45,29.652,0
2353,9/9/2022 1:00,29.552,0
2354,9/9/2022 1:15,29.552,0
2355,9/9/2022 1:30,29.552,0
2356,9/9/2022 1:45,29.552,0
2357,9/9/2022 2:00,29.452,0
2358,9/9/2022 2:15,29.452,0
2359,9/9/2022 2:30,29.452,0
2360,9/9/2022 2:45,29.452,0
2361,9/9/2022 3:00,29.452,0
2362,9/9/2022 3:15,29.552,0
2363,9/9/2022 3:30,29.452,0
2364,9/9/2022 3:45,29.452,0
2365,9/9/2022 4:00,29.552,0
2366,9/9/2022 4:15,29.552,0
2367,9/9/2022 4:30,29.552,0
2368,9/9/2022 4:45,29.552,0
2369,9/9/2022 5:00,29.552,0
2370,9/9/2022 5:15,29.552,0
2371,9/9/2022 5:30,29.552,0
2372,9/9/2022 5:45,29.552,0
2373,9/9/2022 6:00,29.552,0
2374,9/9/2022 6:15,29.552,32.3
2375,9/9/2022 6:30,29.552,64.6
2376,9/9/2022 6:45,29.552,75.3
2377,9/9/2022 7:00,29.552,96.9
2378,9/9/2022 7:15,29.552,129.2
2379,9/9/2022 7:30,29.552,236.8
2380,9/9/2022 7:45,29.652,193.8
2381,9/9/2022 8:00,29.652,193.8
2382,9/9/2022 8:15,29.752,226
2383,9/9/2022 8:30,29.853,538.2
2384,9/9/2022 8:45,29.853,290.6
2385,9/9/2022 9:00,29.953,441.3
2386,9/9/2022 9:15,30.054,592
2387,9/9/2022 9:30,30.054,419.8
2388,9/9/2022 9:45,30.054,419.8
2389,9/9/2022 10:00,30.154,839.6
2390,9/9/2022 10:15,30.255,495.1
2391,9/9/2022 10:30,30.255,688.9
2392,9/9/2022 10:45,30.356,1130.2
2393,9/9/2022 11:00,30.457,1894.5
2394,9/9/2022 11:15,30.558,1808.3
2395,9/9/2022 11:30,30.659,3100
2396,9/9/2022 11:45,30.862,2927.8
2397,9/9/2022 12:00,30.963,3272.2
2398,9/9/2022 12:15,31.166,3100
2399,9/9/2022 12:30,31.268,2755.6
2400,9/9/2022 12:45,31.37,2927.8
2401,9/9/2022 13:00,31.574,3100
2402,9/9/2022 13:15,31.676,2927.8
2403,9/9/2022 13:30,31.778,3616.7
2404,9/9/2022 13:45,31.778,2583.4
2405,9/9/2022 14:00,31.88,2411.1
2406,9/9/2022 14:15,31.88,2583.4
2407,9/9/2022 14:30,31.88,3100
2408,9/9/2022 14:45,31.778,2755.6
2409,9/9/2022 15:00,31.778,1894.5
2410,9/9/2022 15:15,31.676,2066.7
2411,9/9/2022 15:30,31.676,1808.3
2412,9/9/2022 15:45,31.676,1248.6
2413,9/9/2022 16:00,31.574,1119.5
2414,9/9/2022 16:15,31.574,1108.7
2415,9/9/2022 16:30,31.574,1550
2416,9/9/2022 16:45,31.574,1377.8
2417,9/9/2022 17:00,31.472,452.1
2418,9/9/2022 17:15,31.472,150.7
2419,9/9/2022 17:30,31.37,107.6
2420,9/9/2022 17:45,31.268,129.2
2421,9/9/2022 18:00,31.268,64.6
2422,9/9/2022 18:15,31.166,21.5
2423,9/9/2022 18:30,31.166,0
2424,9/9/2022 18:45,31.064,0
2425,9/9/2022 19:00,31.064,0
2426,9/9/2022 19:15,31.064,0
2427,9/9/2022 19:30,30.963,0
2428,9/9/2022 19:45,30.963,0
2429,9/9/2022 20:00,30.862,0
2430,9/9/2022 20:15,30.862,0
2431,9/9/2022 20:30,30.76,0
2432,9/9/2022 20:45,30.76,0
2433,9/9/2022 21:00,30.659,0
2434,9/9/2022 21:15,30.558,0
2435,9/9/2022 21:30,30.558,0
2436,9/9/2022 21:45,30.457,0
2437,9/9/2022 22:00,30.457,0
2438,9/9/2022 22:15,30.356,0
2439,9/9/2022 22:30,30.356,0
2440,9/9/2022 22:45,30.255,0
2441,9/9/2022 23:00,30.154,0
2442,9/9/2022 23:15,30.154,0
2443,9/9/2022 23:30,30.154,0
2444,9/9/2022 23:45,30.154,0
2445,9/10/2022 0:00,30.154,0
2446,9/10/2022 0:15,30.054,0
2447,9/10/2022 0:30,30.054,0
2448,9/10/2022 0:45,30.054,0
2449,9/10/2022 1:00,29.953,0
2450,9/10/2022 1:15,29.953,0
2451,9/10/2022 1:30,29.953,0
2452,9/10/2022 1:45,29.953,0
2453,9/10/2022 2:00,29.853,0
2454,9/10/2022 2:15,29.853,0
2455,9/10/2022 2:30,29.853,0
2456,9/10/2022 2:45,29.853,0
2457,9/10/2022 3:00,29.853,0
2458,9/10/2022 3:15,29.853,0
2459,9/10/2022 3:30,29.853,0
2460,9/10/2022 3:45,29.853,0
2461,9/10/2022 4:00,29.853,0
2462,9/10/2022 4:15,29.853,0
2463,9/10/2022 4:30,29.853,0
2464,9/10/2022 4:45,29.853,0
2465,9/10/2022 5:00,29.853,0
2466,9/10/2022 5:15,29.853,0
2467,9/10/2022 5:30,29.752,0
2468,9/10/2022 5:45,29.752,0
2469,9/10/2022 6:00,29.752,0
2470,9/10/2022 6:15,29.652,32.3
2471,9/10/2022 6:30,29.652,53.8
2472,9/10/2022 6:45,29.652,75.3
2473,9/10/2022 7:00,29.652,86.1
2474,9/10/2022 7:15,29.752,107.6
2475,9/10/2022 7:30,29.752,118.4
2476,9/10/2022 7:45,29.853,150.7
2477,9/10/2022 8:00,29.853,150.7
2478,9/10/2022 8:15,29.853,172.2
2479,9/10/2022 8:30,29.953,204.5
2480,9/10/2022 8:45,30.054,236.8
2481,9/10/2022 9:00,30.054,290.6
2482,9/10/2022 9:15,30.054,247.6
2483,9/10/2022 9:30,30.054,613.5
2484,9/10/2022 9:45,30.054,699.7
2485,9/10/2022 10:00,30.154,527.4
2486,9/10/2022 10:15,30.255,1227.1
2487,9/10/2022 10:30,30.255,1011.8
2488,9/10/2022 10:45,30.356,796.5
2489,9/10/2022 11:00,30.457,936.5
2490,9/10/2022 11:15,30.457,1237.9
2491,9/10/2022 11:30,30.558,1722.2
2492,9/10/2022 11:45,30.76,2325
2493,9/10/2022 12:00,30.862,2669.5
2494,9/10/2022 12:15,31.064,2669.5
2495,9/10/2022 12:30,31.268,2755.6
2496,9/10/2022 12:45,31.37,3100
2497,9/10/2022 13:00,31.472,2755.6
2498,9/10/2022 13:15,31.676,2669.5
2499,9/10/2022 13:30,31.778,2669.5
2500,9/10/2022 13:45,31.88,2497.2
2501,9/10/2022 14:00,31.88,2152.8
2502,9/10/2022 14:15,31.88,1980.6
2503,9/10/2022 14:30,31.983,1808.3
2504,9/10/2022 14:45,31.983,1808.3
2505,9/10/2022 15:00,31.983,1722.2
2506,9/10/2022 15:15,31.983,1550
2507,9/10/2022 15:30,31.983,1463.9
2508,9/10/2022 15:45,31.88,1345.5
2509,9/10/2022 16:00,31.778,1162.5
2510,9/10/2022 16:15,31.676,1033.3
2511,9/10/2022 16:30,31.676,1377.8
2512,9/10/2022 16:45,31.676,193.8
2513,9/10/2022 17:00,31.574,172.2
2514,9/10/2022 17:15,31.574,139.9
2515,9/10/2022 17:30,31.574,107.6
2516,9/10/2022 17:45,31.472,75.3
2517,9/10/2022 18:00,31.37,43.1
2518,9/10/2022 18:15,31.268,10.8
2519,9/10/2022 18:30,31.166,0
2520,9/10/2022 18:45,31.064,0
2521,9/10/2022 19:00,31.064,0
2522,9/10/2022 19:15,30.963,0
2523,9/10/2022 19:30,30.862,0
2524,9/10/2022 19:45,30.76,0
2525,9/10/2022 20:00,30.659,0
2526,9/10/2022 20:15,30.558,0
2527,9/10/2022 20:30,30.457,0
2528,9/10/2022 20:45,30.356,0
2529,9/10/2022 21:00,30.255,0
2530,9/10/2022 21:15,30.255,0
2531,9/10/2022 21:30,30.154,0
2532,9/10/2022 21:45,30.154,0
2533,9/10/2022 22:00,30.054,0
2534,9/10/2022 22:15,30.054,0
2535,9/10/2022 22:30,30.054,0
2536,9/10/2022 22:45,29.953,0
2537,9/10/2022 23:00,29.953,0
2538,9/10/2022 23:15,29.853,0
2539,9/10/2022 23:30,29.853,0
2540,9/10/2022 23:45,29.853,0
2541,9/11/2022 0:00,29.853,0
2542,9/11/2022 0:15,29.853,0
2543,9/11/2022 0:30,29.853,0
2544,9/11/2022 0:45,29.853,0
2545,9/11/2022 1:00,29.853,0
2546,9/11/2022 1:15,29.853,0
2547,9/11/2022 1:30,29.853,0
2548,9/11/2022 1:45,29.853,0
2549,9/11/2022 2:00,29.853,0
2550,9/11/2022 2:15,29.853,0
2551,9/11/2022 2:30,29.853,0
2552,9/11/2022 2:45,29.853,0
2553,9/11/2022 3:00,29.853,0
2554,9/11/2022 3:15,29.853,0
2555,9/11/2022 3:30,29.752,0
2556,9/11/2022 3:45,29.752,0
2557,9/11/2022 4:00,29.652,0
2558,9/11/2022 4:15,29.652,0
2559,9/11/2022 4:30,29.652,0
2560,9/11/2022 4:45,29.752,0
2561,9/11/2022 5:00,29.752,0
2562,9/11/2022 5:15,29.652,0
2563,9/11/2022 5:30,29.652,0
2564,9/11/2022 5:45,29.552,0
2565,9/11/2022 6:00,29.552,0
2566,9/11/2022 6:15,29.552,53.8
2567,9/11/2022 6:30,29.552,118.4
2568,9/11/2022 6:45,29.652,150.7
2569,9/11/2022 7:00,29.652,139.9
2570,9/11/2022 7:15,29.752,129.2
2571,9/11/2022 7:30,29.752,139.9
2572,9/11/2022 7:45,29.853,150.7
2573,9/11/2022 8:00,29.853,193.8
2574,9/11/2022 8:15,29.953,215.3
2575,9/11/2022 8:30,30.054,215.3
2576,9/11/2022 8:45,30.054,236.8
2577,9/11/2022 9:00,30.154,290.6
2578,9/11/2022 9:15,30.154,366
2579,9/11/2022 9:30,30.255,409
2580,9/11/2022 9:45,30.255,462.9
2581,9/11/2022 10:00,30.255,516.7
2582,9/11/2022 10:15,30.356,602.8
2583,9/11/2022 10:30,30.457,807.3
2584,9/11/2022 10:45,30.457,1216.3
2585,9/11/2022 11:00,30.558,1980.6
2586,9/11/2022 11:15,30.76,3100
2587,9/11/2022 11:30,30.862,3444.5
2588,9/11/2022 11:45,30.963,4305.6
2589,9/11/2022 12:00,30.963,1722.2
2590,9/11/2022 12:15,30.963,1980.6
2591,9/11/2022 12:30,30.963,1141
2592,9/11/2022 12:45,30.862,1808.3
2593,9/11/2022 13:00,31.166,13089
2594,9/11/2022 13:15,31.166,3272.2
2595,9/11/2022 13:30,31.166,3961.1
2596,9/11/2022 13:45,31.268,1722.2
2597,9/11/2022 14:00,31.268,667.4
2598,9/11/2022 14:15,31.166,688.9
2599,9/11/2022 14:30,31.064,656.6
2600,9/11/2022 14:45,31.064,1550
2601,9/11/2022 15:00,31.064,1377.8
2602,9/11/2022 15:15,31.064,1377.8
2603,9/11/2022 15:30,30.963,936.5
2604,9/11/2022 15:45,30.963,1808.3
2605,9/11/2022 16:00,31.064,1130.2
2606,9/11/2022 16:15,31.064,990.3
2607,9/11/2022 16:30,31.064,1033.3
2608,9/11/2022 16:45,31.064,839.6
2609,9/11/2022 17:00,31.064,893.4
2610,9/11/2022 17:15,30.963,570.5
2611,9/11/2022 17:30,30.963,419.8
2612,9/11/2022 17:45,30.963,75.3
2613,9/11/2022 18:00,30.862,43.1
2614,9/11/2022 18:15,30.862,10.8
2615,9/11/2022 18:30,30.862,0
2616,9/11/2022 18:45,30.76,0
2617,9/11/2022 19:00,30.76,0
2618,9/11/2022 19:15,30.659,0
2619,9/11/2022 19:30,30.659,0
2620,9/11/2022 19:45,30.558,0
2621,9/11/2022 20:00,30.457,0
2622,9/11/2022 20:15,30.356,0
2623,9/11/2022 20:30,30.356,0
2624,9/11/2022 20:45,30.255,0
2625,9/11/2022 21:00,30.154,0
2626,9/11/2022 21:15,30.154,0
2627,9/11/2022 21:30,30.054,0
2628,9/11/2022 21:45,29.953,0
2629,9/11/2022 22:00,29.953,0
2630,9/11/2022 22:15,29.853,0
2631,9/11/2022 22:30,29.853,0
2632,9/11/2022 22:45,29.752,0
2633,9/11/2022 23:00,29.752,0
2634,9/11/2022 23:15,29.652,0
2635,9/11/2022 23:30,29.652,0
2636,9/11/2022 23:45,29.652,0
2637,9/12/2022 0:00,29.652,0
2638,9/12/2022 0:15,29.652,0
2639,9/12/2022 0:30,29.552,0
2640,9/12/2022 0:45,29.652,0
2641,9/12/2022 1:00,29.552,0
2642,9/12/2022 1:15,29.652,0
2643,9/12/2022 1:30,29.552,0
2644,9/12/2022 1:45,29.552,0
2645,9/12/2022 2:00,29.552,0
2646,9/12/2022 2:15,29.552,0
2647,9/12/2022 2:30,29.552,0
2648,9/12/2022 2:45,29.552,0
2649,9/12/2022 3:00,29.552,0
2650,9/12/2022 3:15,29.452,0
2651,9/12/2022 3:30,29.452,0
2652,9/12/2022 3:45,29.452,0
2653,9/12/2022 4:00,29.452,0
2654,9/12/2022 4:15,29.452,0
2655,9/12/2022 4:30,29.452,0
2656,9/12/2022 4:45,29.452,0
2657,9/12/2022 5:00,29.452,0
2658,9/12/2022 5:15,29.452,0
2659,9/12/2022 5:30,29.452,0
2660,9/12/2022 5:45,29.452,0
2661,9/12/2022 6:00,29.452,0
2662,9/12/2022 6:15,29.452,21.5
2663,9/12/2022 6:30,29.452,183
2664,9/12/2022 6:45,29.452,96.9
2665,9/12/2022 7:00,29.452,107.6
2666,9/12/2022 7:15,29.452,139.9
2667,9/12/2022 7:30,29.552,107.6
2668,9/12/2022 7:45,29.552,96.9
2669,9/12/2022 8:00,29.652,150.7
2670,9/12/2022 8:15,29.652,161.5
2671,9/12/2022 8:30,29.652,204.5
2672,9/12/2022 8:45,29.752,775
2673,9/12/2022 9:00,29.752,667.4
2674,9/12/2022 9:15,29.853,764.2
2675,9/12/2022 9:30,29.853,430.6
2676,9/12/2022 9:45,29.853,645.8
2677,9/12/2022 10:00,29.953,1550
2678,9/12/2022 10:15,30.054,1550
2679,9/12/2022 10:30,30.054,839.6
2680,9/12/2022 10:45,30.154,1108.7
2681,9/12/2022 11:00,30.154,990.3
2682,9/12/2022 11:15,30.255,2152.8
2683,9/12/2022 11:30,30.356,1980.6
2684,9/12/2022 11:45,30.457,2755.6
2685,9/12/2022 12:00,30.659,2669.5
2686,9/12/2022 12:15,30.76,2066.7
2687,9/12/2022 12:30,30.963,2755.6
2688,9/12/2022 12:45,31.064,2755.6
2689,9/12/2022 13:00,31.166,3100
2690,9/12/2022 13:15,31.268,2927.8
2691,9/12/2022 13:30,31.472,2669.5
2692,9/12/2022 13:45,22.238,312.2
2693,9/12/2022 13:50,,
2694,9/12/2022 13:50,,
2695,9/12/2022 13:52,,
2696,9/12/2022 13:52,,
2697,9/12/2022 13:52,,
2698,9/12/2022 13:53,,
2699,9/12/2022 13:53,,
2700,9/12/2022 13:53,,
2701,9/12/2022 13:54,,
2702,9/12/2022 13:54,,
2703,9/12/2022 13:54,,
2704,9/12/2022 13:54,,
2705,9/12/2022 13:54,,
